NEPAL,,,,,,,,,,,,,,,,,,,,
,,,,,,,,,,,,,,,,,,,,
Asian Development Bank (ADB),,,,,,,,,,,,,,,,,,,,
Key Indicators for Asia and the Pacific 2019,,,,,,,,,,,,,,,,,,,,
www.adb.org/statistics,,,,,,,,,,,,,,,,,,,,
,,,,,,,,,,,,,,,,,,,,
,,2000,2001,2002,2003,2004,2005,2006,2007,2008,2009,2010,2011,2012,2013,2014,2015,2016,2017,2018
,POPULATION,,,,,,,,,,,,,,,,,,,
,Total population   as of 1 July (million),21.0,23.2,23.7,24.2,24.7,25.3,25.9,25.2,25.5,25.9,26.3,26.5,26.9,27.2,27.6,28.0,28.3,28.7,29.1
,Population density   (persons/km2),143,157,161,164,168,172,176,171,173,176,178,180,182,185,187,190,192,195,197.7
,Population   (% annual change),3.0,10.0,2.3,2.3,2.3,2.3,2.3,-2.7,1.4,1.4,1.4,1.4,1.4,1.4,1.4,1.4,1.4,1.4,1.4
,Urban populationa   (% of total population),14.1,13.9,14.1,14.3,14.4,14.6,14.7,15.6,16.0,16.3,16.6,17.1,17.4,17.8,18.1,18.5,19.6,20.1,20.8
,,,,,,,,,,,,,,,,,,,,
,LABOR FORCEb   calendar year ('000),...,...,...,...,...,...,...,...,"12,032.0",...,...,"10,055.2",...,...,...,...,...,...,"7,994.0"
,Employedc,...,...,...,...,...,...,...,...,"11,779.0",...,...,"9,929.5",...,...,...,...,...,...,"7,086.0"
,"     Agriculture, forestry, and fishing",...,...,...,...,...,...,...,...,"8,704.0",...,...,"6,355.7",...,...,...,...,...,...,"1,523.0"
,     Mining and quarrying,...,...,...,...,...,...,...,...,27.0,...,...,26.0,...,...,...,...,...,...,59.0
,     Manufacturing,...,...,...,...,...,...,...,...,773.0,...,...,559.3,...,...,...,...,...,...,"1,072.0"
,"     Electricity, gas, steam, and air-conditioning supply; water supply; 
          sewerage, waste management, and remediation activities",...,...,...,...,...,...,...,...,109.0,...,...,25.1,...,...,...,...,...,...,76.0
,     Construction,...,...,...,...,...,...,...,...,367.0,...,...,335.8,...,...,...,...,...,...,978.0
,     Wholesale and retail trade; repair of motor vehicles and motorcycles,...,...,...,...,...,...,...,...,692.0,...,...,695.9,...,...,...,...,...,...,"1,240.0"
,     Accommodation and food service activities,...,...,...,...,...,...,...,...,197.0,...,...,137.8,...,...,...,...,...,...,371.0
,     Transportation and storage,...,...,...,...,...,...,...,...,198.0,...,...,224.7,...,...,...,...,...,...,322.0
,     Information and communication,...,...,...,...,...,...,...,...,,...,...,31.8,...,...,...,...,...,...,60.0
,     Financial and insurance activities,...,...,...,...,...,...,...,...,32.0,...,...,70.3,...,...,...,...,...,...,118.0
,     Real estate activities,...,...,...,...,...,...,...,...,71.0,...,...,6.8,...,...,...,...,...,...,17.0
,     Other servce activitiesd,...,...,...,...,...,...,...,...,609.0,...,...,"1,383.0",...,...,...,...,...,...,"1,251.0"
,Unemployed ,...,...,...,...,...,...,...,...,252.8,...,...,164.1,...,...,...,...,...,...,908.0
,Unemployment rate   (%),...,...,...,...,3.8,...,...,...,2.1,...,...,1.6 |,3.1,3.0,2.7,...,...,...,11.4
,Labor force   (% annual change),...,...,...,...,...,...,...,...,...,...,...,...,...,...,...,...,...,...,…
,Labor force participation rate   (%),...,...,...,...,77.2,...,...,...,83.4,...,...,...,74.3,77.2,72.2,...,...,...,38.5
,     Male,...,...,...,...,...,...,...,...,87.5,...,...,...,75.6,78.8,78.7,...,...,...,53.8
,     Female,...,...,...,...,...,...,...,...,80.1,...,...,...,73.2,75.9,75.9,...,...,...,26.3
,,,,,,,,,,,,,,,,,,,,
,NATIONAL ACCOUNTSe   fiscal year ending 15 July (NRs million),,,,,,,,,,,,,,,,,,,
,At Current Prices,,,,,,,,,,,,,,,,,,,
,GDP by industrial origin at current market prices,"379,488","441,519","459,443","492,231","536,749","589,412","654,084","727,827","815,658","988,272","1,192,774","1,366,954","1,527,344","1,695,011","1,964,540","2,130,150","2,253,163","2,674,493","3,031,034"
,"     Agriculture, forestry, and fishing","145,131","155,625","166,090","172,803","186,125","199,368","211,704","226,823","247,191","309,553","395,755","478,149","506,284","534,515","594,610","625,901","656,779","724,283","766,620"
,     Mining and quarrying,"1,815","1,817","2,149","2,310","2,507","2,748","3,134","3,417","4,375","5,084","5,926","6,956","8,166","9,569","11,003","11,875","11,630","14,233","16,646"
,     Manufacturing,"33,550","38,409","37,736","38,826","41,673","44,885","47,840","52,172","57,185","65,447","70,924","80,531","91,164","100,312","112,995","118,980","120,967","133,862","151,251"
,"     Electricity, gas, steam, and air-conditioning supply","5,942","7,750","9,138","11,447","11,974","12,782","13,172","14,841","15,219","14,629","15,244","16,002","17,518","20,553","21,362","22,051","21,180","30,609","33,601"
,"     Water supply; sewerage, waste management, and remediation activities",,,,,,,,,,,,,,,,,,,
,     Construction,"37,382","25,585","28,838","30,955","33,254","36,644","40,952","45,099","54,134","63,741","77,289","89,356","98,539","109,488","126,364","139,289","141,318","175,300","206,216"
,     Wholesale and retail trade; repair of motor vehicles and motorcycles,"42,895","69,928","64,778","68,695","79,219","79,839","90,214","92,648","105,306","124,121","161,067","179,306","198,164","229,872","271,573","289,566","293,248","331,016","381,066"
,     Accommodation and food service activities,,"8,459","7,143","7,540","8,942","8,895","9,398","10,043","11,503","13,943","17,347","21,057","25,307","29,886","35,309","40,479","41,459","47,728","55,679"
,     Transportation and storage,"29,336","31,425","34,959","39,362","46,283","51,336","61,250","69,555","76,818","92,618","95,304","105,834","122,354","140,735","155,765","164,976","167,405","184,489","197,410"
,     Information and communication,,,,,,,,,,,,,,,,,,,
,     Financial and insurance activitiesf,"36,919","11,455","12,202","12,861","13,728","17,342","21,979","28,467","33,539","39,100","46,083","50,111","58,529","62,183","79,363","91,406","107,758","135,375","172,294"
,     Real estate activitiesg,,"35,267","36,525","38,251","39,991","49,242","60,042","70,791","73,636","81,625","93,747","106,236","123,213","139,157","152,984","166,947","191,325","267,392","309,360"
,"     Professional, scientific, and technical activities",,,,,,,,,,,,,,,,,,,
,     Administrative and support service activities,,,,,,,,,,,,,,,,,,,
,     Public administration and defense; compulsory social securityh,"33,281","5,288","7,237","8,070","8,019","9,548","10,967","12,227","14,352","18,556","21,695","24,830","30,547","32,236","44,324","51,422","52,720","69,421","72,744"
,     Education,,"17,372","20,823","24,582","26,313","31,671","34,996","40,939","48,722","62,642","61,384","67,739","81,797","91,566","115,254","129,363","141,613","173,589","194,385"
,     Human health and social work activities,,"4,178","4,626","5,408","5,825","7,017","7,842","8,568","10,963","13,744","15,382","17,087","20,431","22,327","27,725","32,929","33,708","42,550","45,926"
,"     Arts, entertainment, and recreationi",,"12,896","11,808","12,436","14,140","15,262","16,840","21,774","26,500","34,089","41,423","46,947","55,461","58,026","73,541","86,521","96,545","113,083","128,686"
,     Other service activities,,,,,,,,,,,,,,,,,,,
,"     Activities of households as employers; undifferentiated goods- and 
          services-producing activities of households for own use",,,,,,,,,,,,,,,,,,,
,     Activities of extraterritorial organizations and bodies,,,,,,,,,,,,,,,,,,,
,Less: Financial intermediation services indirectly measured ,"10,708","12,026","13,655","13,221","17,294","18,094","19,212","21,505","24,185","29,362","35,156","41,660","49,992","55,205","63,435","72,616","84,093","103,445","119,783"
,Gross value added at basic prices,"355,543","413,428","430,396","460,325","500,699","548,485","611,118","675,859","755,257","909,528","1,083,415","1,248,482","1,387,482","1,525,221","1,758,738","1,899,089","1,993,560","2,339,483","2,612,102"
,Taxes less subsidies on products,"23,945","28,090","29,046","31,906","36,050","40,927","42,966","51,968","60,401","78,744","109,358","118,472","139,862","169,790","205,802","231,060","259,603","335,010","418,932"
,Net factor income from abroad,"13,125","1,701",-605,-676,"-1,684","1,637","4,956","7,432","7,947","11,750","9,117","7,549","12,291","13,079","32,752","34,243","34,004","30,995","22,615"
,GNI ,"392,613","443,220","458,838","491,555","535,065","591,048","659,040","735,259","823,605","1,000,021","1,201,891","1,374,503","1,539,635","1,708,090","1,997,291","2,164,392","2,287,167","2,705,488","3,053,649"
,,,,,,,,,,,,,,,,,,,,
,               Structure of Output    (% of GDP at current basic prices),,,,,,,,,,,,,,,,,,,
,               Agriculture,39.6,36.6,37.4,36.5,35.9,35.2,33.6,32.5,31.7,33.0,35.4,37.1,35.2,33.8,32.6,31.7,31.6,29.6,28.1
,               Industry,21.5,17.3,17.5,17.6,17.3,17.1,16.7,16.6,16.8,15.9,15.1,14.9,15.0,15.2,14.9,14.8,14.2,14.5,14.9
,               Services,38.9,46.1,45.1,45.9,46.8,47.7,49.7,50.9,51.5,51.2,49.5,48.0,49.8,51.0,52.5,53.4,54.2,55.9,57.0
,,,,,,,,,,,,,,,,,,,,
,Expenditure on GDP at current market pricesj   ,"379,398 |","441,519","459,443","492,231","536,749","589,412","654,084","727,827","815,658","988,272","1,192,774","1,366,954","1,527,344","1,695,011","1,964,540","2,130,150","2,253,163","2,674,493","3,031,034"
,     Final consumption expenditure,"321,911 |","390,017","415,843","450,090","473,685","521,301","595,327","656,374","735,470","895,042","1,056,185","1,176,030","1,359,539","1,516,129","1,730,312","1,934,046","2,161,519","2,315,287","2,491,115"
,          Household final consumption,"287,947 |","348,989","371,402","400,468","419,290","459,530","527,814","576,911","641,085","772,762","916,993","1,022,126","1,167,861","1,318,561","1,493,375","1,662,962","1,861,157","1,968,898","2,086,285"
,          NPISHs final consumption ,… |,"5,243","5,855","6,970","7,998","9,319","10,719","12,515","13,721","15,753","20,002","22,987","27,307","29,161","35,022","38,552","40,659","46,536","50,567"
,          Government final consumption,"33,964 |","35,785","38,586","42,652","46,397","52,453","56,794","66,949","80,663","106,527","119,189","130,917","164,370","168,407","201,915","232,532","259,704","299,852","354,262"
,     Gross capital formation,"92,182 |","98,649","93,019","105,383","131,671","155,907","175,633","208,779","247,272","313,029","456,489","519,268","526,889","632,601","808,758","831,983","763,416","1,252,133","1,672,421"
,          Gross fixed capital formation,"73,234 |","84,751","89,889","98,073","109,181","117,539","135,532","153,337","178,446","211,039","264,888","292,730","317,185","382,972","462,013","595,823","647,294","840,693","1,051,957"
,               Public,"26,346 |","18,063","17,439","14,719","14,955","17,213","17,509","24,645","32,993","44,278","53,665","63,806","71,555","75,386","94,979","110,254","160,502","169,543","261,507"
,               Private,"46,888 |","66,687","72,450","83,354","94,226","100,326","118,023","128,692","145,453","166,761","211,223","228,924","245,629","307,586","367,034","485,568","486,792","671,150","790,450"
,          Changes in inventoriesk,"18,948 |","13,898","3,130","7,310","22,489","38,368","40,101","55,442","68,826","101,990","191,602","226,538","209,704","249,629","346,744","236,160","116,123","411,440","620,464"
,          Acquisitions less disposals of valuables,… |,...,...,...,...,...,...,...,...,...,...,...,...,...,...,...,...,...,...
,     Exports of goods and services,"88,360 |","99,610","81,492","77,280","89,544","85,958","87,952","93,567","104,207","122,737","114,298","121,714","153,863","181,180","226,022","247,565","213,338","240,392","270,778"
,          Exports of goods,… |,"69,789","57,984","50,761","55,228","59,956","61,482","61,488","61,971","69,907","63,178","68,702","81,512","85,990","100,961","98,276","74,866","82,127","93,305"
,          Exports of services,… |,"29,822","23,508","26,519","34,316","26,002","26,470","32,079","42,236","52,830","51,121","53,013","72,352","95,191","125,061","149,288","138,472","158,265","177,473"
,     Less: Imports of goods and services,"123,055 |","146,757","130,912","140,522","158,151","173,754","204,828","230,893","271,291","342,536","434,198","450,059","512,948","634,899","800,552","883,444","885,111","1,133,319","1,403,281"
,          Imports of goods,… |,"126,238","111,342","121,053","132,910","145,718","171,540","190,437","217,963","279,228","366,693","388,371","454,653","547,294","696,373","761,773","756,488","977,946","1,227,874"
,          Imports of services,… |,"20,519","19,570","19,469","25,241","28,036","33,288","40,456","53,328","63,308","67,506","61,687","58,295","87,605","104,179","121,671","128,623","155,374","175,407"
,,,,,,,,,,,,,,,,,,,,
,               Structure of Demand    (% of GDP at current market prices),,,,,,,,,,,,,,,,,,,
,               Household final consumptionl,75.9,80.2,82.1,82.8,79.6,79.5,82.3,81.0,80.3,79.8,78.6,76.5,78.3,79.5,77.8,79.9,84.4,75.4,70.5
,               Government final consumption,8.9,8.1,8.4,8.7,8.6,8.9,8.7,9.2,9.9,10.8,10.0,9.6,10.8,9.9,10.3,10.9,11.5,11.2,11.7
,               Gross capital formation,24.3,22.3,20.2,21.4,24.5,26.5,26.9,28.7,30.3,31.7,38.3,38.0,34.5,37.3,41.2,39.1,33.9,46.8,55.2
,                    Changes in inventories,5.0,3.1,0.7,1.5,4.2,6.5,6.1,7.6,8.4,10.3,16.1,16.6,13.7,14.7,17.7,11.1,5.2,15.4,20.5
,               Exports of goods and services ,23.3,22.6,17.7,15.7,16.7,14.6,13.4,12.9,12.8,12.4,9.6,8.9,10.1,10.7,11.5,11.6,9.5,9.0,8.9
,               Imports of goods and services,32.4,33.2,28.5,28.5,29.5,29.5,31.3,31.7,33.3,34.7,36.4,32.9,33.6,37.5,40.8,41.5,39.3,42.4,46.3
,,,,,,,,,,,,,,,,,,,,
,At Constant Prices     ,,,,,,,,,,,,,,,,,,,
,GDP by industrial origin at 2000/2001 market prices,"418,760","441,518","442,049","459,488","481,004","497,739","514,486","532,038","564,517","590,107","618,529","639,694","670,279","697,954","739,754","764,336","768,835","832,060","887,455"
,"     Agriculture, forestry, and fishing","147,543","155,625","160,421","165,761","173,734","179,810","183,015","184,796","195,559","201,464","205,517","214,786","224,730","227,193","237,522","240,138","240,681","253,197","260,255"
,     Mining and quarrying,"1,712","1,817","1,977","2,040","2,031","2,169","2,348","2,383","2,513","2,531","2,585","2,637","2,770","2,825","3,159","3,233","3,143","3,575","3,892"
,     Manufacturing,"37,016","38,409","36,364","36,380","37,163","38,136","38,898","39,891","39,545","39,132","40,291","41,923","43,445","45,059","47,888","48,068","44,223","48,510","52,957"
,"     Electricity, gas, steam, and air-conditioning supply","6,599","7,750","8,631","10,274","10,693","11,117","11,562","13,065","13,204","12,750","12,989","13,564","14,690","14,731","15,213","15,331","14,168","17,067","18,741"
,"     Water supply; sewerage, waste management, and remediation activities",,,,,,,,,,,,,,,,,,,
,     Construction,"25,366","25,585","27,225","27,798","27,701","28,503","30,690","31,453","33,043","33,371","35,430","37,126","37,207","38,119","41,580","42,766","40,904","45,987","50,595"
,     Wholesale and retail trade; repair of motor vehicles and motorcycles,"77,216","69,928","61,837","63,233","70,066","65,694","68,099","64,292","66,962","70,481","75,237","76,298","78,967","84,693","93,918","96,191","94,110","105,299","118,204"
,     Accommodation and food service activities ,,"8,459","6,917","7,056","7,955","7,525","8,001","8,278","8,851","9,056","9,646","10,244","11,000","11,605","12,391","12,804","11,564","12,412","13,624"
,     Transportation and storage,"29,592","31,425","34,055","35,825","38,509","40,985","42,001","44,094","48,226","51,585","54,657","57,504","62,160","66,915","70,420","74,807","76,314","81,249","85,019"
,     Information and communication,,,,,,,,,,,,,,,,,,,
,     Financial and insurance activitiesf,"45,933","11,455","11,892","12,090","12,838","15,957","19,843","22,103","24,142","24,632","25,327","26,163","27,071","26,825","27,818","28,626","31,075","33,900","36,064"
,     Real estate activitiesg,,"35,267","33,543","32,212","31,538","34,700","36,900","41,240","45,544","46,421","47,818","48,894","50,346","52,961","54,889","55,313","57,373","60,629","63,809"
,"     Professional, scientific, and technical activities",,,,,,,,,,,,,,,,,,,
,     Administrative and support service activities,,,,,,,,,,,,,,,,,,,
,     Public administration and defense; compulsory social securityh,"35,140","5,288","7,237","8,070","8,019","8,551","9,139","9,262","9,319","10,012","10,405","10,806","11,203","11,822","12,418","13,516","13,857","15,113","15,880"
,     Education,,"17,372","21,030","23,913","25,138","27,606","28,640","30,738","32,716","36,233","38,638","39,799","42,019","44,505","46,646","49,021","52,613","56,501","59,340"
,     Human health and social work activities,,"4,178","4,487","5,171","5,487","6,109","6,470","6,888","7,474","8,191","8,581","9,012","9,591","10,021","10,472","11,662","12,041","12,924","13,742"
,"     Arts, entertainment, and recreationi",,"12,896","11,785","12,303","13,955","13,483","13,933","16,643","18,204","20,520","22,966","24,599","26,163","27,416","28,722","32,317","34,111","36,013","38,007"
,     Other service activities,,,,,,,,,,,,,,,,,,,
,"     Activities of households as employers; undifferentiated goods- and 
          services-producing activities of households for own use",,,,,,,,,,,,,,,,,,,
,     Activities of extraterritorial organizations and bodies,,,,,,,,,,,,,,,,,,,
,Less: Financial intermediation services indirectly measured ,"11,103","12,026","13,308","12,428","16,172","17,180","19,105","21,476","23,043","23,725","24,327","25,821","26,725","26,919","28,830","29,524","30,488","32,828","33,345"
,Gross value added at basic prices,"395,013","413,428","414,092","429,699","448,654","463,165","480,435","493,651","522,260","542,652","565,759","587,534","614,637","637,771","674,227","694,269","695,688","749,550","796,784"
,Taxes less subsidies on products,"23,747","28,090","27,957","29,789","32,350","34,574","34,051","38,388","42,257","47,455","52,770","52,160","55,643","60,183","65,528","70,066","73,147","82,510","90,671"
,Net factor income from abroad,...,...,...,...,...,...,...,...,...,...,...,...,...,...,...,...,...,...,...
,GNI ,...,...,...,...,...,...,...,...,...,...,...,...,...,...,...,...,...,...,...
,,,,,,,,,,,,,,,,,,,,
,               Growth of Output    (% annual change),,,,,,,,,,,,,,,,,,,
,               GDP,6.0,5.4,0.1,3.9,4.7,3.5,3.4,3.4,6.1,4.5,4.8,3.4,4.8,4.1,6.0,3.3,0.6,8.2,6.7
,               Agriculture,4.9,5.5,3.1,3.3,4.8,3.5,1.8,1.0,5.8,3.0,2.0,4.5,4.6,1.1,4.5,1.1,0.2,5.2,2.8
,               Industry,8.6,4.1,0.9,3.1,1.4,3.0,4.5,3.9,1.7,-0.6,4.0,4.3,3.0,2.7,7.1,1.4,-6.4,12.4,9.6
,               Services,5.9,4.5,-1.8,3.7,6.8,3.3,5.6,4.5,7.3,6.0,5.8,3.4,5.0,5.7,6.2,4.6,2.4,8.1,7.2
,,,,,,,,,,,,,,,,,,,,
,Expenditure on GDP at 2000/2001 market pricesj     ,"418,733 |","441,518","442,049","459,488","481,004","497,739","514,486","532,038","564,517","590,107","618,529","639,694","670,279","697,954","739,754","764,336","768,835","832,060","887,455"
,     Final consumption expenditure,...,"390,017","405,389","421,043","428,452","446,957","468,921","485,657","492,849","522,910","552,676","563,138","652,646","662,894","694,875","718,331","713,268","738,480","767,065"
,          Household final consumption,...,"348,989","360,947","371,421","374,057","392,219","413,217","425,419","430,763","455,468","482,984","485,249","563,275","579,370","603,014","620,245","616,422","631,569","647,090"
,          NPISHs final consumption ,...,"5,243","5,855","6,970","7,998","7,765","8,377","9,519","9,707","9,980","11,473","12,036","13,027","12,328","13,578","13,997","13,110","14,363","14,986"
,          Government final consumption,...,"35,785","38,586","42,652","46,397","46,973","47,328","50,719","52,378","57,462","58,220","65,852","76,343","71,196","78,283","84,089","83,737","92,547","104,989"
,     Gross capital formation,...,"98,649","84,808","90,298","106,048","116,084","121,233","127,326","165,035","179,205","240,919","241,554","189,273","233,723","287,075","314,080","347,693","479,162","590,189"
,          Gross fixed capital formation,...,"84,751","84,863","88,069","90,949","91,427","101,570","106,940","108,922","109,459","127,647","126,723","119,765","139,425","155,310","185,706","162,902","235,043","277,577"
,               Public,...,"18,063","16,464","13,218","12,458","13,389","13,121","17,188","20,138","22,152","24,205","27,622","27,018","27,445","31,928","34,801","38,455","40,036","51,803"
,               Private,...,"66,687","68,398","74,852","78,491","78,038","88,448","89,752","88,783","87,307","103,442","99,101","92,746","111,980","123,382","150,906","124,448","195,007","225,774"
,          Changes in inventoriesk,...,"13,898",-54,"2,228","15,099","24,657","19,664","20,386","56,113","69,746","113,273","114,831","69,508","94,298","131,765","128,373","184,790","244,119","312,612"
,          Acquisitions less disposals of valuables,...,...,...,...,...,...,...,...,...,...,...,...,...,...,...,...,...,...,...
,     Exports of goods and services,...,"99,610","76,512","72,881","81,828","79,344","78,318","77,578","78,142","81,168","72,695","71,158","72,522","80,010","95,024","101,474","87,618","97,557","105,149"
,          Exports of goods,...,"69,789","54,440","47,871","50,469","55,343","54,748","50,981","46,470","46,231","38,489","38,477","38,083","38,229","42,344","39,028","27,983","29,291","31,603"
,          Exports of services,...,"29,822","22,072","25,009","31,359","24,001","23,570","26,597","31,672","34,937","34,206","32,682","34,439","41,782","52,680","62,446","59,634","68,266","73,546"
,     Less: Imports of goods and services,...,"146,757","124,660","124,734","135,323","144,647","153,987","158,523","171,509","193,175","247,762","236,156","244,161","278,673","337,219","369,549","379,743","483,139","574,948"
,          Imports of goods,...,"126,238","106,025","107,452","113,725","121,307","128,962","130,747","137,795","157,472","209,242","203,780","216,413","240,221","293,336","318,654","325,788","421,826","508,839"
,          Imports of services,...,"20,519","18,635","17,282","21,598","23,339","25,026","27,776","33,714","35,703","38,520","32,377","27,748","38,452","43,884","50,896","53,955","61,313","66,109"
,,,,,,,,,,,,,,,,,,,,
,               Growth of Demand   (% annual change),,,,,,,,,,,,,,,,,,,
,               Household final consumptionl,...,...,3.5,3.2,1.0,4.7,5.4,3.2,1.3,5.7,6.2,0.6,15.9,2.7,4.2,2.9,-0.7,2.6,2.5
,               Government final consumption,...,...,7.8,10.5,8.8,1.2,0.8,7.2,3.3,9.7,1.3,13.1,15.9,-6.7,10.0,7.4,-0.4,10.5,13.4
,               Gross capital formation,...,...,-14.0,6.5,17.4,9.5,4.4,5.0,29.6,8.6,34.4,0.3,-21.6,23.5,22.8,9.4,10.7,37.8,23.2
,               Exports of goods and services ,...,...,-23.2,-4.7,12.3,-3.0,-1.3,-0.9,0.7,3.9,-10.4,-2.1,1.9,10.3,18.8,6.8,-13.7,11.3,7.8
,               Imports of goods and services,...,...,-15.1,0.1,8.5,6.9,6.5,2.9,8.2,12.6,28.3,-4.7,3.4,14.1,21.0,9.6,2.8,27.2,19.0
,,,,,,,,,,,,,,,,,,,,
,Investment Financing at Current Prices   ,,,,,,,,,,,,,,,,,,,
,Gross capital formation,"92,182","98,649","93,019","105,383","131,671","155,907","175,633","208,779","247,272","313,029","456,489","519,268","526,889","632,601","808,758","831,983","763,416","1,252,133","1,672,421"
,Gross national saving,"72,021","118,797","111,181","116,998","146,269","167,451","189,858","207,876","270,952","354,466","428,354","506,332","602,868","689,662","898,479","940,302","903,835","1,242,003","1,427,204"
,     Gross domestic saving,"57,577","51,501","43,599","42,141","63,064","68,110","58,757","71,453","80,188","93,230","136,589","190,924","167,805","178,882","234,227","196,103","91,644","359,206","539,918"
,     Net factor income from abroad,"13,125","1,701",-605,-676,"-1,684","1,637","4,956","7,432","7,947","11,750","9,117","7,549","12,291","13,079","32,752","34,243","34,004","30,995","22,615"
,     Net current transfers from abroad,"1,319","65,595","68,186","75,533","84,889","97,704","126,146","128,992","182,817","249,487","282,648","307,859","422,772","497,701","631,500","709,957","778,187","851,801","864,671"
,,,,,,,,,,,,,,,,,,,,
,               Savings and Investment   (% of GDP at current market prices),,,,,,,,,,,,,,,,,,,
,               Gross domestic saving,15.2,11.7,9.5,8.6,11.7,11.6,9.0,9.8,9.8,9.4,11.5,14.0,11.0,10.6,11.9,9.2,4.1,13.4,17.8
,               Gross national saving,19.0,26.9,24.2,23.8,27.3,28.4,29.0,28.6,33.2,35.9,36.0,37.0,39.5,40.7,45.7,44.1,40.1,46.4,47.1
,               Gross capital formation,24.3,22.3,20.2,21.4,24.5,26.5,26.9,28.7,30.3,31.7,38.3,38.0,34.5,37.3,41.2,39.1,33.9,46.8,55.2
,,,,,,,,,,,,,,,,,,,,
,At Current Market Prices   (NRs),,,,,,,,,,,,,,,,,,,
,Per capita GDP,"18,036","19,072","19,410","20,337","21,689","23,292","25,279","28,905","31,946","38,172","45,435","51,594","56,880","62,283","71,225","76,201","79,528","93,141","104,152"
,Per capita GNI,"18,660","19,146","19,384","20,309","21,620","23,357","25,471","29,200","32,257","38,626","45,782","51,879","57,337","62,764","72,413","77,426","80,728","94,221","104,929"
,,,,,,,,,,,,,,,,,,,,
,PRODUCTION INDEXES    period averages,,,,,,,,,,,,,,,,,,,
,Agriculture;  2004–2006 = 100,87.1,89.3,91.3,94.7,98.5,100.5,101.0,100.4,107.2,112.2,113.3,121.4,139.9,130.6,136.2,135.9,137.8,…,…
,Manufacturing;  2003/2004 | 2008/2009 | 2014/2015 = 100,98.9,102.4,95.6,97.9,100.0,102.6,104.7,107.4,106.3,106.4 |,102.6,107.1,111.6,116.0,124.1,124.4 |,90.2,105.6,116.2
,,,,,,,,,,,,,,,,,,,,
,ENERGY   annual values,,,,,,,,,,,,,,,,,,,
,Coal,,,,,,,,,,,,,,,,,,,
,     Production ,…,…,…,…,…,…,…,…,…,…,…,…,…,…,…,…,…,…,…
,     Exports ,…,…,…,…,…,…,…,…,…,…,…,…,…,…,…,…,…,…,…
,     Imports   (t '000),...,280,248,216,280,248,...,...,...,...,...,...,...,...,...,...,...,...,…
,     Consumption   (t '000 | toe),...,296,258,228,290 |,152,243,144,193,182,286,293,348,415,320,465,536,634,466 *
,,,,,,,,,,,,,,,,,,,,
,Electricity   (kWh million),,,,,,,,,,,,,,,,,,,
,     Production,"1,469","1,642","1,828","2,111","2,194","2,402","2,515","2,723","2,761","2,774","3,073","3,159","3,433","3,449","3,559","3,636","3,299","4,083","4,476"
,     Exports,95,126,134,192,141,111,97,77,60,46,75,31,4,4,3,3,3,3,3
,     Imports,232,227,238,150,187,241,266,329,425,356,639,697,746,793,"1,072","1,370","1,778","2,175","2,582"
,     Consumption,"1,174","1,281","1,400","1,505","1,654","1,854","1,936","2,127","2,250","2,158","2,526","2,827","3,038","3,158","3,444","3,502","3,719","4,777","5,560"
,,,,,,,,,,,,,,,,,,,,
,Retail prices   ($/L),,,,,,,,,,,,,,,,,,,
,"     Gasoline, premium",0.58,0.61,0.66,0.72,0.72,0.87,0.92,1.01,1.43,1.00,1.22,1.37,1.41,1.38,1.30,...,0.92,0.95,1.00
,     Diesel,0.33,0.35,0.34,0.41,0.41,0.58,0.63,0.80,1.00,0.71,0.95,0.71,1.12,1.10,1.08,...,0.70,0.72,0.85
,,,,,,,,,,,,,,,,,,,,
,PRICE INDEXESm  period averages ,,,,,,,,,,,,,,,,,,,
,Consumer (national);  2014/2015=100,36.3,37.2,38.3,40.1,41.7,43.6,47.1,49.8,53.2,59.9,65.6,71.9,77.8,85.5,93.3,100.0,109.9,114.8,119.6
,          Food and nonalcoholic beveragesn,31.2,30.5,31.6,33.0,34.1,35.4,38.2,40.9,44.7,52.4,60.4,69.3,74.6,81.7,91.2,100.0,110.9,113.0,116.1
,"          Alcoholic beverages, tobacco, and narcoticso",...,...,...,...,...,...,...,32.8,35.7,41.6,46.8,53.1,58.9,67.0,79.6,100.0,107.6,111.5,117.5
,          Clothing and footwear,...,...,...,...,...,...,...,46.6,48.1,52.2,56.1,63.6,73.0,81.9,91.0,100.0,114.2,124.7,132.1
,"          Housing, water, electricity, gas, and other fuels",...,...,...,...,...,...,...,62.9,66.5,72.0,74.3,79.8,84.7,93.7,98.5,100.0,112.7,122.0,130.3
,"          Furnishings, household equipment, and routine household maintenance",...,...,...,...,...,...,...,49.0,51.9,58.7,62.4,65.9,74.7,84.7,92.4,100.0,106.3,112.9,117.2
,          Health,...,...,...,...,...,...,...,66.3,70.0,73.5,76.0,79.1,82.7,88.3,94.8,100.0,102.6,105.3,107.7
,          Transport,...,...,...,...,...,...,...,58.4,59.8,69.7,66.4,73.1,84.5,93.7,98.7,100.0,102.0,100.9,102.9
,          Communication,...,...,...,...,...,...,...,123.5,123.5,123.6,123.6,110.5,101.5,99.4,99.9,100.0,105.1,104.9,105.4
,          Recreation and culture,...,...,...,...,...,...,...,64.8,67.5,72.2,77.5,75.7,81.5,88.2,94.1,100.0,104.3,107.5,111.9
,          Education,...,...,...,...,...,...,...,53.6,56.2,60.9,67.8,71.5,78.5,88.0,94.7,100.0,110.1,120.9,130.6
,          Restaurants and hotels,...,...,...,...,...,...,...,35.5,38.0,46.9,56.4,65.2,72.9,81.6,90.2,100.0,109.3,117.1,122.8
,          Miscellaneous goods and services,...,...,...,...,...,...,...,54.9,56.0,62.7,67.4,71.4,78.4,86.3,92.6,100.0,104.5,113.8,118.1
,Consumer (Kathmandu Valley);  2014/2015 = 100,35.3,36.4,37.1,38.6,40.8,42.9,45.7,48.6,52.0,59.3,64.7,72.6,77.9,85.5,93.2,100.0,111.6,115.0,118.8
,          Food and nonalcoholic beveragesn,29.9,29.8,30.5,31.4,33.2,34.7,36.4,38.8,42.4,51.0,58.1,68.3,73.3,80.3,90.5,100.0,113.3,115.0,118.7
,"          Alcoholic beverages, tobacco, and narcoticso",...,...,...,...,...,...,...,35.4,39.1,47.8,53.1,56.1,59.1,70.3,83.7,100.0,107.5,116.2,121.6
,          Clothing and footwear,...,...,...,...,...,...,...,51.6,53.6,56.6,59.6,66.8,75.2,83.6,91.8,100.0,112.4,119.2,122.0
,"          Housing, water, electricity, gas, and other fuels",...,...,...,...,...,...,...,61.3,64.5,68.7,70.3,76.4,79.0,91.1,96.0,100.0,116.2,122.6,126.3
,"          Furnishings, household equipment, and routine household maintenance",...,...,...,...,...,...,...,49.3,52.3,59.3,62.6,68.2,76.4,87.0,93.7,100.0,106.0,111.6,114.5
,          Health,...,...,...,...,...,...,...,63.0,65.8,69.0,69.8,78.2,81.9,86.4,93.2,100.0,103.2,104.0,103.8
,          Transport,...,...,...,...,...,...,...,73.6,76.9,91.1,86.9,87.2,95.2,105.7,105.1,100.0,101.2,100.8,102.3
,          Communication,...,...,...,...,...,...,...,119.8,119.8,119.8,119.8,108.9,100.4,98.9,99.2,100.0,104.0,103.6,102.2
,          Recreation and culture,...,...,...,...,...,...,...,54.4,58.0,61.3,64.6,72.2,81.9,88.5,95.6,100.0,104.2,107.7,110.0
,          Education,...,...,...,...,...,...,...,55.5,57.7,63.7,73.7,81.0,86.3,90.0,95.9,100.0,109.7,112.8,123.9
,          Restaurants and hotels,...,...,...,...,...,...,...,34.6,37.1,46.3,57.3,65.5,72.0,79.9,88.3,100.0,111.7,117.2,123.2
,          Miscellaneous goods and services,...,...,...,...,...,...,...,55.1,55.2,66.0,68.6,73.2,80.6,89.7,93.9,100.0,103.4,112.3,115.1
,Wholesale;  2017/2018 = 100,30.4,30.8,32.3,33.5,34.9,37.5,40.8,44.5,48.4,54.9,61.6,67.7,72.0,78.5,85.0,90.1,95.8,98.3,100.0
,Implicit GDP deflatorp;  2000/2001 = 100,90.3,100.0,103.9,107.1,111.4,118.0,126.2,135.4,142.9,165.8,189.6,210.3,224.1,237.8,259.2,272.4,286.1,312.2,329.1
,,,,,,,,,,,,,,,,,,,,
,               Price Indexes  (% annual change),,,,,,,,,,,,,,,,,,,
,               Consumer price index (national),3.4,2.5,3.0,4.7,4.0,4.6,8.0,5.7,6.8,12.6,9.5,9.6,8.3,9.9,9.1,7.2,9.9,4.5,4.2
,               Food and nonalcoholic beverages price indexn (national),0.6,-2.2,3.6,4.4,3.3,3.8,7.9,7.1,9.3,17.2,15.3,14.7,7.6,9.5,11.6,9.6,10.9,1.9,2.7
,               Wholesale price index,...,1.3,4.9,3.7,4.2,7.4,8.8,9.1,8.8,13.4,12.2,9.9,6.4,9.0,8.3,6.1,6.3,2.7,1.7
,               Implicit GDP deflator,4.6,10.7,3.9,3.1,4.0,5.8,7.0,7.3,5.6,16.0,14.4,11.0,6.6,6.1,9.0,5.1,5.0,9.1,5.4
,,,,,,,,,,,,,,,,,,,,
,MONEY AND BANKING   as of end of period (NRs billion),,,,,,,,,,,,,,,,,,,
,Money supply (M1),61.0,70.6,77.2,83.8,94.0,100.2,113.1,126.9,154.3,196.5,218.2,222.4,263.7,301.6,354.8,424.7,503.3,569.4,669.4
,     Currency in circulation,42.1,48.3,55.7,56.9,63.2,68.8,77.8,83.6,100.2,125.8,142.1,141.9,170.5,195.9,227.5,270.1,327.5,361.7,416.0
,     Demand deposits ,18.8,22.3,21.5,26.9,30.8,31.4,35.3,43.3,54.2,70.7,76.0,80.4,93.2,105.7,127.3,154.7,175.8,207.7,253.4
,Quasi-money,125.1,143.9,146.8,162.2,183.3,200.2,233.8,268.6,341.0,434.1,501.4,699.0,866.6,"1,013.8","1,211.1","1,453.1","1,741.3","2,022.3","2,425.1"
,Money supply (M2),186.1,214.5,224.0,245.9,277.3,300.4,346.8,395.5,495.4,630.5,719.6,921.3,"1,130.3","1,315.4","1,566.0","1,877.8","2,244.6","2,591.7","3,094.5"
,     Foreign assets (net),80.5,87.8,88.4,91.4,108.8,107.7,139.4,131.9,171.5,227.7,216.4,221.3,383.8,468.2,599.2,747.3,956.0,"1,014.6","1,054.3"
,     Domestic credit,158.0,187.9,207.3,228.4,251.1,285.2,327.6,365.2,442.3,560.7,654.7,910.2,994.7,"1,165.9","1,314.3","1,527.3","1,805.7","2,177.8","2,755.9"
,          Claims on government sector (net)q,38.2,49.2,59.6,62.8,62.3,68.8,75.9,83.0,92.1,109.9,136.8,163.4,162.9,167.8,142.0,127.2,87.8,149.5,272.6
,          Claims on private sector,109.4,126.8,133.3,151.0,172.5,197.0,243.6,273.5,339.8,438.4,500.7,727.3,809.8,973.0,"1,150.8","1,373.9","1,692.3","1,997.2","2,442.8"
,          Claims on other financial institutionsr,8.5,9.7,11.4,11.8,13.3,12.8,1.8,3.6,4.7,7.4,11.8,13.1,11.9,13.7,11.1,16.1,17.4,21.9,30.4
,          Claims on state and local governments,,,,,,,,,,,,,,,,,,,
,          Claims on public nonfinancial corporations,1.8,2.2,3.1,2.8,2.9,6.6,6.4,5.1,5.6,5.1,5.4,6.4,10.1,11.4,10.4,10.1,8.2,9.2,10.0
,     Other itemst,52.3,61.2,71.8,73.9,82.6,92.5,120.2,101.6,118.4,157.8,151.4,210.2,248.2,318.7,347.6,396.8,517.1,600.7,715.7
,,,,,,,,,,,,,,,,,,,,
,               Money Supply (M2)   (% annual change),21.8,15.2,4.4,9.8,12.8,8.3,15.4,14.0,25.2,27.3,14.1,28.0,22.7,16.4,19.1,19.9,19.5,15.5,19.4
,               M2   (% of GDP at current market prices),49.0,48.6,48.8,50.0,51.7,51.0,53.0,54.3,60.7,63.8,60.3,67.4,74.0,77.6,79.7,88.2,99.6,96.9,102.1
,,,,,,,,,,,,,,,,,,,,
,Deposit Money Banks,,,,,,,,,,,,,,,,,,,
,     Demand depositsu,20.3,24.6,23.7,28.3,33.0,34.1,36.9,42.7,54.1,69.5,79.2,82.2,94.9,113.7,129.7,159.3,183.5,199.0,256.3
,     Savings deposits,65.7,81.0,83.8,97.2,114.1,130.0,151.6,174.6,211.4,259.9,237.5,230.7,304.7,358.8,450.8,559.4,698.7,814.2,946.8
,     Time deposits,66.5,73.5,74.4,75.3,83.3,84.1,99.5,114.0,152.4,216.9,298.9,252.1,297.6,345.6,365.5,417.4,523.2,993.4,"1,228.1"
,     Domestic credits outstanding,136.2,160.9,173.3,201.8,228.2,260.9,287.0,340.4,420.2,520.6,743.0,854.9,994.7,"1,165.5","1,313.3","1,542.6","1,805.7","2,177.8","2,755.9"
,,,,,,,,,,,,,,,,,,,,
,Interest Rates   period averages (% per annum),,,,,,,,,,,,,,,,,,,
,On deposits,,,,,,,,,,,,,,,,,,,
,     Savings ,5.3,5.0,4.4,4.3,3.5,3.4,3.5,3.5,4.3,4.8,7.0,7.0,4.3,3.9,3.2,2.9,2.2,4.0,4.6
,     Time:    6 months,5.9,5.1,4.3,4.3,3.3,3.5,3.1,3.1,4.3,4.4,6.4,6.6,8.6,8.1,6.5,6.5,4.5,9.6,9.9
,                 12 months,6.9,6.1,5.3,5.0,4.3,3.6,3.6,3.6,4.3,6.1,8.1,8.1,8.9,8.4,6.9,6.5,5.8,10.4,10.4
,,,,,,,,,,,,,,,,,,,,
,GOVERNMENT FINANCE   fiscal year ending 15 July (NRs billion),,,,,,,,,,,,,,,,,,,
,Central Government,,,,,,,,,,,,,,,,,,,
,Revenue,46.0,52.9,54.9,65.0,71.1,82.5,84.1,102.2,120.6,166.0,216.2,252.9,285.1,330.9,404.6,450.0,524.0,644.3,…
,     Taxes,33.2,38.9,39.3,42.6,48.2,54.1,57.4,71.1,85.2,117.1,159.8,181.3,211.7,259.2,312.4,355.9,421.1,553.7,…
,"          Taxes on income, profits and, capital gains",7.0,8.5,8.1,6.9,8.1,8.8,9.2,13.7,16.6,24.1,33.8,43.1,51.3,64.2,75.6,86.2,114.2,145.0,…
,               Payable by individuals,1.9,1.8,2.9,–,–,–,–,–,–,–,9.3,11.9,12.3,15.5,19.4,8.5,9.7,13.0,…
,               Payable by corporations and other enterprises,4.4,6.0,4.4,5.5,6.8,7.3,7.6,11.6,13.3,19.6,20.2,25.8,30.5,37.1,45.4,63.4,84.5,107.4,…
,"               Other taxes on income, profits, and capital gains",0.7,0.7,0.8,1.3,1.3,1.4,1.6,2.1,3.4,4.4,4.3,5.5,8.5,11.6,10.8,14.2,19.9,24.5,…
,          Taxes on payroll and workforce,0.5,0.6,0.8,1.3,1.4,1.7,1.8,2.0,2.5,3.2,–,–,1.6,1.9,2.4,2.9,3.3,4.1,…
,          Taxes on property,0.1,0.0,0.0,–,–,–,0.0,–,–,–,0.0,–,0.0,0.0,0.0,0.0,0.0,0.1,…
,          Taxes on goods and services,14.8,17.2,17.8,20.2,23.1,27.9,31.1,38.7,45.0,63.0,89.7,100.2,114.1,134.6,164.4,189.4,218.7,296.4,…
,          Taxes on international trade and transaction,10.8,12.6,12.7,14.2,15.6,15.7,15.3,16.7,21.1,26.8,35.2,36.6,43.4,56.9,68.0,74.8,82.2,103.0,…
,          Other taxes,–,–,–,–,–,–,–,–,–,–,1.1,1.3,1.3,1.6,2.0,2.6,2.7,5.0,…
,     Social contributions,–,–,–,–,–,–,–,–,–,–,–,–,–,–,–,–,–,–,…
,     Grants (revenue),5.7,6.8,6.7,11.3,11.3,14.4,13.8,15.8,20.3,26.4,38.5,49.3,40.8,35.2,42.2,38.2,39.5,31.9,…
,     Other revenue,7.2,7.3,8.9,11.1,11.6,14.0,12.8,15.3,15.2,22.6,17.9,22.3,32.5,36.5,50.0,55.9,63.4,58.7,…
,Expense,...,...,...,...,...,...,...,...,...,...,186.5,217.3,243.3,247.4,303.2,339.1,371.1,518.2,…
,     Compensation of employees,...,...,...,...,...,...,...,...,...,...,51.6,59.5,66.0,66.0,84.4,88.5,89.3,118.8,…
,     Use of goods and services,...,...,...,...,...,...,...,...,...,...,19.4,27.1,23.8,23.3,30.0,31.8,44.6,57.1,…
,     Consumption of fixed capital,...,...,...,...,...,...,...,...,...,...,...,...,...,...,...,...,...,...,…
,     Interest,4.8,4.7,5.8,6.6,6.5,6.2,6.2,6.2,6.4,8.2,10.0,12.5,15.2,13.7,12.0,9.3,8.7,10.0,…
,     Subsidies,...,...,...,...,...,...,...,...,...,...,4.1,5.4,4.6,4.2,1.1,1.0,0.9,1.1,…
,     Grants (expense),...,...,...,...,...,...,...,...,...,...,81.9,90.1,103.7,102.2,133.4,157.7,170.8,243.9,…
,     Social benefits,...,...,...,...,...,...,...,...,...,...,18.2,20.8,28.2,35.6,39.0,50.8,56.7,87.3,…
,     Other expense,–,–,–,–,–,...,...,...,...,...,1.4,1.9,2.0,2.3,3.3,0.0,0.0,0.0,…
,Net operating balance,...,...,...,...,...,...,...,...,...,...,...,...,...,...,...,...,...,...,…
,Gross operating balance,...,...,...,...,-7.3,...,...,...,...,...,29.8,35.6,41.7,83.5,101.4,111.0,153.0,126.1,…
,Transactions in Nonfinancial Assets,,,,,,,,,,,,,,,,,,,
,Net/gross investment in nonfinancial assets,...,...,...,...,...,...,...,...,...,...,46.1,49.3,51.3,54.3,66.5,88.4,122.3,207.8,…
,     Fixed assets,...,...,...,...,...,...,...,...,...,...,44.4,47.7,47.8,51.8,65.1,86.0,120.4,199.5,…
,     Inventories,...,...,...,...,...,–,...,–,–,–,-0.1,-0.1,-0.1,-0.3,-0.2,-0.4,-1.0,-0.4,…
,     Valuables,...,...,...,...,...,–,...,–,...,...,–,–,–,–,–,–,–,–,…
,     Nonproduced assets,...,...,...,...,...,-0.6,...,-0.1,...,...,1.9,1.7,3.6,2.8,1.6,2.8,2.8,8.8,…
,Expenditure,...,...,...,...,...,...,...,...,...,...,232.6,266.6,294.6,301.6,369.7,427.5,493.3,726.1,…
,Net lending/Net borrowing,...,...,...,...,...,...,...,...,...,...,-16.4,-13.7,-9.6,29.3,34.9,22.5,30.7,-81.8,…
,Primary balance,...,...,...,...,...,...,...,...,...,...,-6.4,-1.2,5.6,43.0,46.9,31.8,39.4,-71.8,…
,Transactions in Financial Assets and Liabilities (Financing),,,,,,,,,,,,,,,,,,,
,Net acquisition of financial assets,-2.5,-7.2,-9.1,-4.5,-4.4,-1.1,-4.7,-3.2,0.3,0.7,12.1,2.3,-18.6,-5.9,31.0,49.2,111.9,13.6,…
,     Domestic,...,-7.2,-9.1,-4.5,-4.4,-1.1,-4.7,-3.2,0.3,0.7,11.6,2.3,-18.6,-9.4,31.0,47.2,111.2,10.7,…
,     External,...,–,–,–,–,–,–,–,–,–,0.6,–,–,3.5,0.0,2.0,0.7,2.8,…
,Net incurrence of liabilities,12.1,13.4,9.3,3.9,2.4,4.7,5.8,11.2,13.1,31.0,22.7,23.7,-9.1,-35.1,-3.9,3.5,56.8,92.2,…
,     Domestic,4.0,5.8,6.3,4.8,0.6,1.4,4.6,8.7,12.0,31.1,22.2,22.9,-6.6,-20.9,-5.2,-5.0,37.4,49.6,…
,     External,8.1,7.5,2.9,-0.9,1.9,3.3,1.2,2.5,1.1,-0.2,0.5,0.7,-2.4,-14.2,1.3,8.5,19.5,42.6,…
,,,,,,,,,,,,,,,,,,,,
,               Government Finance    (% of GDP at current market prices),,,,,,,,,,,,,,,,,,,
,               Revenue,11.3,12.0,12.0,13.2,13.2,14.0,12.9,14.0,14.8,16.8,18.1,18.5,18.7,19.5,20.6,21.1,23.3,24.4,…
,               Taxes,8.1,8.8,8.6,8.7,9.0,9.2,8.8,9.8,10.4,11.8,13.4,13.3,13.9,15.3,15.9,16.7,18.7,21.0,…
,               Taxes payable by individuals,0.5,0.4,0.6,–,–,–,–,–,–,–,0.8,0.9,0.8,0.9,1.0,0.4,0.4,0.5,…
,               Taxes payable by corporations and other enterprises,1.1,1.4,0.9,1.1,1.3,1.2,1.2,1.6,1.6,2.0,1.7,1.9,2.0,2.2,2.3,3.0,3.8,4.1,…
,               Expenditure,...,...,...,...,...,...,...,...,...,...,19.5,19.5,19.3,17.8,18.8,20.1,21.9,27.5,…
,               Net lending/Net borrowing,...,...,...,...,...,...,...,...,...,...,-1.4,-1.0,-0.6,1.7,1.8,1.1,1.4,-3.1,…
,               Primary balance,...,...,...,...,...,...,...,...,...,...,-0.5,-0.1,0.4,2.5,2.4,1.5,1.7,-2.7,…
,,,,,,,,,,,,,,,,,,,,
,"Expenditure by Function, Central Government",,,,,,,,,,,,,,,,,,,
,Total expenditure,60.8,73.9,73.4,74.2,78.3,88.8,94.9,116.6,137.9,199.7,232.6,266.6,294.6,301.6,363.8,439.2,601.0,830.2,…
,     General public services,15.0,21.3,18.1,18.6,18.1,18.5,19.5,27.2,20.0,36.9,64.4,76.0,51.1,57.2,57.8,96.3,86.8,107.5,…
,     Defense,3.5,3.8,5.9,7.4,8.5,11.0,11.3,11.0,11.2,14.5,17.8,19.4,22.7,20.9,31.0,33.2,35.1,43.1,…
,     Public order and safety,3.7,5.6,6.6,6.8,7.0,8.3,9.1,10.5,13.7,15.9,26.7,31.0,39.3,37.8,45.0,34.0,34.8,56.9,…
,     Economic affairs,20.6,22.5,19.1,17.4,18.4,22.3,22.1,26.6,38.6,44.8,65.8,80.3,68.6,72.3,94.1,123.6,175.3,279.9,…
,     Environmental protection,–,–,–,–,–,–,–,–,–,–,1.6,1.3,0.9,0.6,2.0,7.5,11.7,6.4,…
,     Housing and community amenities,3.3,4.0,3.3,3.2,3.8,2.5,3.3,7.1,9.8,19.6,8.4,9.6,10.0,9.4,13.1,16.9,22.8,41.0,…
,     Health,3.5,3.5,3.9,3.7,4.0,4.7,5.8,7.8,10.3,13.4,18.0,22.0,22.9,21.9,26.5,29.5,34.0,45.3,…
,"     Recreation, culture, and religion",–,–,–,–,–,–,–,–,–,–,1.4,1.9,2.1,2.4,3.9,3.4,4.0,6.5,…
,     Education,9.3,11.0,13.1,13.2,14.4,17.2,19.3,21.4,26.9,35.3,46.2,54.9,62.1,62.4,77.8,79.8,90.7,108.6,…
,     Social protection,1.9,2.1,3.5,3.9,4.2,4.2,4.3,5.2,7.4,19.3,9.5,9.8,10.6,11.8,12.5,15.0,19.3,38.3,…
,,,,,,,,,,,,,,,,,,,,
,               Expenditure by Function       (% of GDP at current market prices),,,,,,,,,,,,,,,,,,,
,               Education,2.3,2.5,2.8,2.7,2.7,2.9,3.0,2.9,3.3,3.6,3.9,4.0,4.1,3.7,4.0,3.7,4.0,4.1,…
,               Health,0.8,0.8,0.8,0.7,0.7,0.8,0.9,1.1,1.3,1.4,1.5,1.6,1.5,1.3,1.3,1.4,1.5,1.7,…
,               Social security and welfare,0.5,0.5,0.8,0.8,0.8,0.7,0.7,0.7,0.9,2.0,0.8,0.7,0.7,0.7,0.6,0.7,0.9,1.4,…
,,,,,,,,,,,,,,,,,,,,
,EXTERNAL TRADE   fiscal year ending 15 July (NRs million),,,,,,,,,,,,,,,,,,,
,"Exports, fob","49,823","55,654","46,945","49,931","53,911","58,706","60,234","59,383","59,267","67,698","60,824","64,339","74,261","76,917","91,991","85,319","70,117","73,049","81,192"
,"Imports, cif","108,505","115,687","107,389","124,352","136,277","149,474","173,780","194,695","221,938","284,470","374,335","396,176","461,668","556,740","714,366","774,684","773,599","990,113","1,242,827"
,     Trade balance,"-58,682","-60,033","-60,444","-74,422","-82,366","-90,768","-113,546","-135,312","-162,671","-216,772","-313,511","-331,837","-387,407","-479,823","-622,374","-689,365","-703,482","-917,064","-1,161,635"
,,,,,,,,,,,,,,,,,,,,
,               External Trade   (% annual change),,,,,,,,,,,,,,,,,,,
,               Exports,39.7,11.7,-15.6,6.4,8.0,8.9,2.6,-1.4,-0.2,14.2,-10.2,5.8,15.4,3.6,19.6,-7.3,-17.8,4.2,11.1
,               Imports,24.0,6.6,-7.2,15.8,9.6,9.7,16.3,12.0,14.0,28.2,31.6,5.8,16.5,20.6,28.3,8.4,-0.1,28.0,25.5
,,,,,,,,,,,,,,,,,,,,
,Direction of Trade    calendar year ($ million),,,,,,,,,,,,,,,,,,,
,"Exports, total",721.8,754.5,611.5,641.5,730.6,814.1,831.6,879.5,897.9,902.3,900.0,939.3,904.7,894.8,938.7,692.5,757.7,769.9,784.7
,     1. India,307.2,352.6,363.6,339.8,417.1,540.1,563.0,592.5,562.9,562.8,570.6,614.4,601.2,578.1,584.1,419.1,394.6,420.2,433.5
,     2. United States,198.0,202.8,122.0,163.1,131.4,105.1,96.7,74.9,67.1,63.1,54.7,70.3,56.5,68.2,75.4,70.4,88.5,82.6,86.9
,     3. Germany,108.7,83.7,52.6,45.7,48.3,43.3,39.3,36.2,36.1,36.0,35.7,40.9,29.5,33.5,32.3,26.8,29.4,29.1,27.8
,     4. Turkey,0.7,0.3,0.2,1.1,3.6,3.2,3.8,2.1,3.9,6.1,8.8,7.5,9.6,11.6,16.9,12.6,27.5,47.5,35.3
,     5. United Kingdom,17.3,13.3,10.5,13.8,22.7,14.6,16.4,15.3,17.5,18.5,17.7,19.8,13.7,19.5,20.6,20.7,24.7,25.4,25.0
,"     6. China, People's Republic of",…,…,0.2,0.4,1.6,0.7,1.5,8.3,17.7,23.9,13.6,10.2,21.9,20.2,28.0,11.5,18.1,22.3,28.6
,     7. Bangladesh,1.9,7.1,3.1,5.3,5.7,4.0,3.2,39.6,66.5,60.8,60.0,26.0,37.9,17.1,18.6,6.8,12.9,9.8,11.4
,     8. Italy,4.3,9.1,7.4,6.8,8.0,8.1,9.8,9.3,10.0,11.0,9.5,10.6,8.2,9.6,11.9,9.0,10.9,12.1,12.5
,     9. France,10.7,9.2,6.2,5.8,7.9,8.6,17.9,14.1,15.1,15.0,16.7,15.6,10.5,12.5,12.4,10.1,11.6,11.1,10.7
,     10. Japan,10.2,18.2,6.4,6.1,7.1,7.4,7.9,7.7,7.5,7.4,8.2,9.2,9.0,10.9,11.4,8.4,11.2,9.7,9.2
,,,,,,,,,,,,,,,,,,,,
,"Imports, total","1,572.0","1,568.7","1,403.4","1,597.5","1,850.6","2,074.7","2,404.9","3,096.3","3,598.9","3,778.8","5,143.4","5,947.1","6,042.7","6,481.0","7,620.9","6,633.8","8,906.0","10,088.2","12,819.9"
,     1. India,574.2,612.4,573.8,911.7,"1,067.1","1,230.6","1,481.5","1,916.8","2,160.8","2,131.9","3,252.7","3,751.7","3,935.5","4,103.8","4,935.2","4,008.2","5,816.2","6,519.7","8,599.8"
,"     2. China, People's Republic of",120.8,85.0,56.1,61.2,73.6,114.6,91.8,244.5,369.4,421.4,561.2,689.9,696.6,603.6,939.5,920.0,"1,247.2","1,267.4","1,375.8"
,     3. United Arab Emirates,28.8,39.3,5.0,11.0,5.5,10.7,15.2,63.1,57.8,44.5,193.7,328.8,374.2,391.1,417.8,266.3,210.0,175.1,228.1
,     4. France,27.8,14.7,9.2,20.4,9.2,9.3,12.6,10.6,12.4,31.2,29.9,16.5,26.4,17.2,19.3,74.5,66.4,155.3,398.0
,     5. Indonesia,32.5,30.8,37.4,51.1,44.1,72.5,78.1,140.1,114.9,107.1,106.6,115.2,93.4,181.0,157.5,118.1,110.9,121.4,87.1
,     6. Canada,6.7,3.0,3.4,5.2,9.3,3.8,9.9,20.3,18.6,12.0,11.2,15.0,12.5,30.1,35.8,59.4,49.5,86.5,304.6
,     7. Argentina,12.1,6.7,5.8,11.8,15.1,13.2,13.9,38.5,64.6,83.7,87.3,99.2,81.4,179.2,107.4,71.1,84.4,133.7,128.1
,     8. Thailand,32.0,44.8,42.6,38.4,58.5,43.3,36.0,47.5,66.1,85.7,102.1,101.1,88.5,91.9,86.6,83.2,110.1,108.0,132.0
,     9. Malaysia,31.9,42.7,62.7,51.5,49.8,39.2,34.2,41.6,53.6,63.1,66.2,71.5,55.2,52.8,72.8,58.2,72.8,86.5,150.9
,     10. United States,24.8,17.4,32.9,22.0,19.4,24.5,23.2,58.8,53.4,49.2,74.0,61.6,49.4,56.1,74.0,96.0,95.2,81.9,73.1
,,,,,,,,,,,,,,,,,,,,
,BALANCE OF PAYMENTSv   fiscal year ending 15 July ($ million),,,,,,,,,,,,,,,,,,,
,Current account balance,-129.8,272.7,236.7,148.2,196.6,160.0,194.7,-17.1,351.8,523.7,-371.4,-176.8,908.9,634.6,909.2,"1,067.3","1,338.8",-93.5,"-2,347.0"
,     Balance on goods,-851.0,-763.8,-692.5,-904.5,"-1,053.3","-1,192.3","-1,519.8","-1,844.1","-2,400.7","-2,727.6","-4,074.0","-4,425.8","-4,604.8","-5,247.0","-6,071.8","-6,669.5","-6,388.6","-8,445.6","-10,846.1"
,          Exports,721.7,945.2,755.8,652.5,748.8,833.1,849.9,874.4,951.8,913.7,847.6,951.0,"1,008.4",977.2,"1,028.2",988.1,703.9,773.7,893.8
,          Imports,"-1,572.7","-1,708.9","-1,448.3","-1,557.0","-1,802.1","-2,025.5","-2,369.7","-2,718.5","-3,352.5","-3,641.3","-4,921.6","-5,376.8","-5,613.2","-6,224.2","-7,100.1","-7,657.6","-7,092.5","-9,219.3","-11,739.9"
,     Balance on services,382.9,125.9,51.0,90.7,123.4,-29.3,-94.0,-120.8,-170.3,-145.7,-219.5,-119.3,175.1,87.5,213.6,275.0,91.9,26.1,17.7
,          Credit,623.8,403.5,305.7,341.2,465.8,361.1,365.8,455.8,648.8,685.4,685.9,734.3,892.8,"1,082.7","1,275.2","1,498.7","1,301.8","1,491.8","1,697.5"
,          Debit,-240.9,-277.7,-254.7,-250.5,-342.4,-390.4,-459.8,-576.6,-819.1,-831.1,-905.4,-853.6,-717.7,-995.2,"-1,061.5","-1,223.7","-1,209.9","-1,465.7","-1,679.7"
,     Balance on primary income,,23.1,-7.8,-8.7,-22.9,23.7,68.2,109.4,122.3,152.0,121.5,105.3,146.6,146.2,333.7,342.1,319.7,294.2,210.5
,          Credit,,73.8,55.8,57.7,52.1,108.7,157.5,209.9,207.0,214.0,200.0,243.6,273.8,263.4,402.9,428.3,404.7,490.1,660.4
,          Debit,,-50.8,-63.6,-66.5,-75.0,-85.0,-89.3,-100.5,-84.7,-62.0,-78.4,-138.3,-127.2,-117.2,-69.2,-86.2,-85.0,-195.9,-449.9
,     Balance on secondary incomew,338.3,887.6,886.0,970.7,"1,149.4","1,358.0","1,740.3","1,838.3","2,800.5","3,245.1","3,800.5","4,263.0","5,192.1","5,647.9","6,433.7","7,119.7","7,315.7","8,031.8","8,270.9"
,          Credit,...,907.0,911.7,999.4,"1,207.5","1,408.1","1,805.4","1,897.5","2,841.2","3,348.0","3,869.3","4,308.6","5,254.3","5,732.2","6,468.2","7,145.4","7,351.4","8,068.8","8,326.6"
,          Debit,...,-19.4,-25.7,-28.6,-58.1,-50.1,-65.1,-59.2,-40.7,-102.9,-68.7,-45.6,-62.2,-84.3,-34.5,-25.7,-35.7,-37.0,-55.7
,Capital account,122.9,83.6,73.6,69.1,19.6,21.9,43.0,63.6,122.7,78.9,169.9,221.1,221.2,117.3,173.2,147.9,159.2,125.2,169.3
,Financial account,3.4,-382.4,-485.3,-220.6,-294.7,-352.6,-16.8,-37.6,170.5,270.8,104.2,45.1,368.0,139.9,108.1,182.2,273.5,250.0,959.7
,     Direct investment,3.4,-0.5,-3.6,12.8,–,1.9,-6.5,5.4,4.6,23.3,38.6,90.0,112.5,102.0,32.5,43.9,55.5,127.5,168.6
,     Portfolio investment,–,–,–,–,–,–,–,–,–,–,–,–,–,–,–,–,–,–,–
,     Financial derivatives,–,–,–,–,–,–,–,–,–,–,–,–,–,–,–,–,–,–,–
,     Other investment,–,-381.9,-481.7,-233.4,-294.7,-354.5,-10.2,-42.9,165.9,247.5,65.7,-44.9,255.5,37.9,75.5,138.3,218.0,122.5,791.1
,Net errors and omissions,212.6,156.8,137.6,54.2,351.2,250.7,179.0,135.2,-96.6,-46.1,46.4,-10.7,228.1,36.9,120.2,184.4,150.8,315.1,"1,083.1"
,Overall balance,209.0,130.8,-37.4,50.9,272.8,79.9,399.9,144.2,548.5,827.4,-50.8,78.8,"1,726.3",928.7,"1,310.6","1,581.8","1,922.2",596.8,-134.9
,Reserves and related items,-209.0,-130.8,37.4,-50.9,-272.8,-79.9,-399.9,-144.2,-548.5,-827.4,50.8,-78.8,"-1,726.3",-928.7,"-1,310.6","-1,581.8","-1,922.2",-596.8,134.9
,     Reserve assets ,...,-126.4,41.6,-47.0,-280.3,-90.5,-399.9,-183.8,-565.3,-826.3,6.6,-73.2,"-1,720.4",-915.4,"-1,297.0","-1,570.3","-1,923.4",-580.7,144.1
,     Use of IMF credit and loans,...,-4.4,-4.2,-3.9,7.5,10.6,0.0,39.6,16.8,-1.0,44.2,-5.6,-5.9,-13.4,-13.6,-11.6,1.2,-16.1,-9.2
,International investment position,...,...,...,...,...,...,...,...,...,...,...,...,...,901.8,"1,898.1","2,975.8","4,182.2","4,167.4","2,907.6"
,,,,,,,,,,,,,,,,,,,,
,               Balance of Payments   (% of GDP at current market prices),,,,,,,,,,,,,,,,,,,
,               Exports,12.2,15.8,12.6,10.3,10.3,10.2,9.4,8.5,7.6,7.1,5.3,5.0,5.3,5.1,5.1,4.6,3.3,3.1,3.1
,               Imports,-26.6,-28.6,-24.2,-24.6,-24.8,-24.8,-26.2,-26.3,-26.7,-28.3,-30.8,-28.4,-29.8,-32.3,-35.5,-35.9,-33.6,-37.0,-40.8
,               Balance on goods,-14.4,-12.8,-11.6,-14.3,-14.5,-14.6,-16.8,-17.9,-19.1,-21.2,-25.5,-23.4,-24.4,-27.2,-30.4,-31.3,-30.3,-33.9,-37.7
,               Current account balance,-2.2,4.6,4.0,2.3,2.7,2.0,2.2,-0.2,2.8,4.1,-2.3,-0.9,4.8,3.4,4.6,5.1,6.2,-0.4,-8.2
,               Overall balance,-3.5,2.2,-0.6,0.8,3.8,1.0,4.4,1.4,4.4,6.4,-0.3,0.4,9.2,4.1,6.5,6.8,9.0,2.4,-0.4
,,,,,,,,,,,,,,,,,,,,
,INTERNATIONAL RESERVES   as of end of period ($ million),,,,,,,,,,,,,,,,,,,
,Total,951.9,"1,044.2","1,024.1","1,228.9","1,468.6","1,504.4","1,935.5","2,014.0","2,457.9","2,770.5","2,938.9","3,632.8","4,309.4","5,298.4","6,033.8","7,945.2","8,506.3","9,175.9","8,079.1"
,"     Gold, national valuation",6.5,6.5,6.5,6.5,6.5,5.4,–,–,–,2.0,2.0,2.0,2.8,4.9,6.6,8.3,8.7,8.7,8.7
,     Foreign exchange,937.9,"1,030.4","1,009.8","1,213.1","1,452.5","1,490.2","1,926.5","2,005.0","2,449.6","2,668.7","2,843.2","3,541.8","4,227.9","5,230.0","5,979.9","7,905.5","8,475.9","9,138.5","8,045.5"
,     Reserve position in the IMF,7.5,7.2,7.8,8.6,–,–,–,–,–,0.0,0.0,0.0,0.0,0.0,0.0,0.0,21.5,22.8,22.2
,     SDRs,0.0,0.1,0.0,0.8,9.7,8.8,9.0,9.1,8.3,99.9,93.7,89.0,78.6,63.4,47.2,31.3,0.1,5.9,2.7
,,,,,,,,,,,,,,,,,,,,
,EXCHANGE RATES   (NRs–$),,,,,,,,,,,,,,,,,,,
,End of period,74.3,76.5,78.3,74.0,71.8,74.1,71.1,63.6,77.7,74.4,71.7,85.5,86.9,99.4,99.7,107.3,108.0,103.0,115.0
,Average of period,71.1,74.9,77.9,76.1,73.7,71.4,72.8,66.4,69.8,77.6,73.3,74.0,85.2,93.1,97.6,102.4,107.4,104.5,108.9
,,,,,,,,,,,,,,,,,,,,
,EXTERNAL INDEBTEDNESS   as of end of year ($ million),,,,,,,,,,,,,,,,,,,
,Total debt outstanding and disbursed,"2,877.9","2,743.4","3,001.4","3,216.5","3,369.4","3,191.1","3,404.5","3,615.0","3,697.6","3,778.4","3,788.7","3,828.3","3,812.0","4,013.3","3,986.2","4,150.7","4,304.2","4,963.2",…
,     Long-term debt,"2,826.0","2,671.5","2,946.6","3,138.1","3,298.6","3,112.2","3,268.4","3,468.4","3,551.3","3,551.7","3,508.7","3,530.3","3,495.2","3,574.8","3,488.0","3,607.6","3,755.1","4,373.9",…
,          Public and publicly guaranteed,"2,826.0","2,671.5","2,946.6","3,138.1","3,298.6","3,112.2","3,268.4","3,468.4","3,551.3","3,551.7","3,508.7","3,530.3","3,495.2","3,574.8","3,445.0","3,551.0","3,672.1","4,299.2",…
,          Private nonguaranteed,–,–,–,–,–,–,–,–,–,–,–,–,–,–,43.0,56.6,83.0,74.7,…
,     Short-term debt,29.0,54.0,40.0,55.0,36.0,47.0,81.0,55.0,57.0,44.0,61.0,84.0,113.0,249.6,332.9,349.4,378.5,421.2,…
,     Use of IMF credit,23.0,17.9,14.8,23.5,34.7,32.0,55.1,91.7,89.3,182.8,219.1,214.0,203.8,188.9,165.3,193.7,170.6,168.1,…
,,,,,,,,,,,,,,,,,,,,
,               External debt   (% of GNI),52.2,45.5,49.7,50.9,46.5,39.1,37.4,34.7,29.2,29.0,23.5,20.1,20.1,20.7,19.6,19.1,20.1,20.1,…
,               Total long-term debt   (% of total debt),98.2,97.4,98.2,97.6,97.9,97.5,96.0,95.9,96.0,94.0,92.6,92.2,91.7,89.1,87.5,86.9,87.2,88.1,…
,               Short-term debt   (% of total debt),1.0,2.0,1.3,1.7,1.1,1.5,2.4,1.5,1.5,1.2,1.6,2.2,3.0,6.2,8.4,8.4,8.8,8.5,…
,               Debt service   (% of exports of goods and services),7.6,7.9,10.3,10.3,9.2,8.5,10.2,8.9,8.5,10.1,10.6,9.2,10.3,8.8,8.2,8.5,9.3,8.5,…
,,,,,,,,,,,,,,,,,,,,
,Debt service   transactions during the year ($ million),,,,,,,,,,,,,,,,,,,
,     Principal repayments on long-term debt,67.2,62.3,70.0,79.4,84.6,86.1,104.5,112.2,126.6,139.7,148.4,153.9,175.1,164.9,171.6,168.7,177.2,195.7,201.3
,     Interest on long-term debt,27.9,25.9,26.8,30.2,30.6,30.0,29.8,30.3,33.9,32.3,32.4,35.0,32.9,35.8,35.4,33.6,37.0,37.7,58.3
,     Interest on short-term debt,2.7,2.0,1.0,2.7,2.4,3.9,7.1,4.4,3.6,2.0,2.6,3.8,4.9,5.4,8.7,10.2,7.6,8.2,…
,,,,,,,,,,,,,,,,,,,,
,Average terms of new commitments,,,,,,,,,,,,,,,,,,,
,     Interest   (% per annum),1.4,1.3,1.2,1.0,1.0,1.1,1.3,1.9,0.6,0.8,1.2,1.4,1.4,1.2,1.3,0.8,0.6,1.0,…
,     Maturity   (years),31.4,30.5,33.8,34.9,36.8,34.6,24.6,25.2,30.7,37.1,31.7,29.4,32.0,33.1,32.9,36.8,36.7,34.8,…
,     Grace period   (years),8.1,8.2,9.8,9.3,9.5,8.7,8.1,6.3,9.8,9.8,8.1,5.5,8.2,8.9,8.3,8.1,8.6,7.1,…
,     Grant element   (%),69.5,69.5,73.3,75.1,76.8,74.1,66.0,59.7,77.1,78.0,70.9,64.8,69.6,72.5,71.3,76.8,79.0,73.5,…
,,,,,,,,,,,,,,,,,,,,
,,,,,,,,,,,,,,,,,,,,
"… = data not available; | = marks break in series; – = magnitude equals zero; 0.0 = magnitude is less than half of unit employed; * = provisional, preliminary, estimate, budget figure; $ = United States dollars; cif = cost, insurance, and freight; fob = free on board;  GDP = gross domestic product; GNI = gross national income; IMF = International Monetary Fund; km2 = square kilometer; kWh = kilowatt-hour; L = liter; NPISHs = nonprofit institutions serving households; NRs = Nepalese rupees; SDRs = special drawing rights; t = metric ton; toe = ton of oil equivalent.",,,,,,,,,,,,,,,,,,,,
"Note: A base year represented as, e.g., 2000/2001, corresponds to the fiscal year (e.g., beginning 16 July 2000 and ending 15 July 2001) and related data is presented in the column for the single year during which most of the fiscal year occurred (e.g., 2001).",,,,,,,,,,,,,,,,,,,,
,,,,,,,,,,,,,,,,,,,,
a,"For 2001 and 2011, the figures are taken from the censuses conducted in those years. For 2000, the figure is an estimate based on the 2001 census. For 2002–2010 and 2012 onward, the figures are estimates based on the 2011 census.",,,,,,,,,,,,,,,,,,,
b,"For 2004, 2011, and 2012, data refer to persons aged 10 years and older. For 2008, 2013, 2014, and 2018, data refer to persons aged 15 years and older. All data include only those people who are usually economically active.  Figures for the different years may not be directly comparable with each other due to differences in the primary data sources (i.e., data for 2004 are based on the Nepal Living Standard Survey, data for 2008 and 2018 are based on labor force surveys, data for 2011 are based on the 2011 census, and data for 2012–2014 are based on the annual household surveys). Furthermore, 2008 and 2018 data based on labor force surveys may not be comparable with each other due to changes in the standards after the 19th International Conference of Labour Statisticians.",,,,,,,,,,,,,,,,,,,
c,"Due to the classifications and definitions of ""usually employed"" and ""unemployed"" used in the 2011 census, subtotals may not necessarily tally with total labor force. ",,,,,,,,,,,,,,,,,,,
d,"Includes professional, scientific, and technical activities; administrative and support service activities; public administration and defense; compulsory social security; education; human health and social work activities; arts, entertainment, and recreation; other service activities; activities of households as employers; undifferentiated goods- and services-producing activities of households for own use; and activities of extraterritorial organizations and bodies.",,,,,,,,,,,,,,,,,,,
e,"Estimates of GDP by industrial origin are based on the 1993 System of National Accounts (SNA) framework. For 2001 onward, estimates of GDP by expenditure are also based on the 1993 SNA framework. Prior to 2001, expenditure on GDP was compiled according to the 1968 SNA framework.",,,,,,,,,,,,,,,,,,,
f,"For 2000, includes real estate activities; professional, scientific, and technical activities; and administrative and support service activities. ",,,,,,,,,,,,,,,,,,,
g,"For 2001 onward, includes professional, scientific, and technical activities; and administrative and support service activities.",,,,,,,,,,,,,,,,,,,
h,"For 2000, includes education; human health and social work activities; arts, entertainment, and recreation; other service activities; activities of households as employers; undifferentiated goods- and services-producing activities of households for own use; and activities of extraterritorial organizations and bodies.",,,,,,,,,,,,,,,,,,,
i,"For 2001 onward, includes other service activities; activities of households as employers; undifferentiated goods- and services-producing activities of households for own use; and activities of extraterritorial organizations and bodies.",,,,,,,,,,,,,,,,,,,
j,"Prior to 2001, expenditure on GDP was compiled according to the 1968 SNA framework. For 2001 onward, expenditure on GDP was compiled according to the 1993 SNA framework.",,,,,,,,,,,,,,,,,,,
k,"Changes in inventories were derived residually; hence, statistical discrepancies or errors are included in this entry.",,,,,,,,,,,,,,,,,,,
l,Includes NPISHs.,,,,,,,,,,,,,,,,,,,
m,Refers to period averages for fiscal year ending 15 July.,,,,,,,,,,,,,,,,,,,
n,Refers to food and beverages. Includes nonalcoholic and alcoholic beverages.,,,,,,,,,,,,,,,,,,,
o,Refers to tobacco only.,,,,,,,,,,,,,,,,,,,
p,"Implicit GDP deflator is equal to the sum of the gross value added of industries at current prices, divided by the sum of gross value added of industries at constant prices, i.e., before financial intermediation services indirectly measured and taxes less subsidies on products.",,,,,,,,,,,,,,,,,,,
q,Includes claims on state and local government.,,,,,,,,,,,,,,,,,,,
r,Refers to claims on financial and nonfinancial government enterprises.,,,,,,,,,,,,,,,,,,,
s,Included in claims on government sector (net).,,,,,,,,,,,,,,,,,,,
t,Refers to liabilities excluded from broad money (net capital and other items).,,,,,,,,,,,,,,,,,,,
u,Refers to demand deposits of other depository corporations.,,,,,,,,,,,,,,,,,,,
v,Data are based on the IMF's Balance of Payments Manual (fifth edition). ,,,,,,,,,,,,,,,,,,,
w,Refers to current transfers. ,,,,,,,,,,,,,,,,,,,
,,,,,,,,,,,,,,,,,,,,
,Sources:,,,,,,,,,,,,,,,,,,,
,,,,,,,,,,,,,,,,,,,,
,Population,"Government of Nepal, Central Bureau of Statistics (CBS). Official communication, 13 May 2019; past communication.",,,,,,,,,,,,,,,,,,
,,,,,,,,,,,,,,,,,,,,
,     Urban population,"For 2000–2016: CBS. Official communication, 3 June 2018; past communication.",,,,,,,,,,,,,,,,,,
,,"For 2017–2018: CBS. National Population and Housing Census 2011: Population Projection 2011–2031 (http://cbs.gov.np/sectoral_statistics/population/populationprojection2011_2031), August 2014.",,,,,,,,,,,,,,,,,,
,,,,,,,,,,,,,,,,,,,,
,Labor Force,"For 2004–2014: CBS. Official communication, 13 May 2019; past communication.",,,,,,,,,,,,,,,,,,
,,For 2018: CBS. Report on the Nepal Labour Force Survey 2017/18.,,,,,,,,,,,,,,,,,,
,,,,,,,,,,,,,,,,,,,,
,National Accounts,"CBS. Official communication, 13 May 2019; past communication.",,,,,,,,,,,,,,,,,,
,,,,,,,,,,,,,,,,,,,,
,     Household final consumption (% of GDP),Asian Development Bank estimates based on data from the CBS.,,,,,,,,,,,,,,,,,,
,,,,,,,,,,,,,,,,,,,,
,    GDP (% annual change),CBS. National Accounts of Nepal 2018-19. https://cbs.gov.np/national-accounts-of-nepal-2018-19/ (accessed 21 June 2019).,,,,,,,,,,,,,,,,,,
,,,,,,,,,,,,,,,,,,,,
,Production Indexes,,,,,,,,,,,,,,,,,,,
,,,,,,,,,,,,,,,,,,,,
,     Agriculture,Food and Agriculture Organization of the United Nations. FAOSTAT. http://www.fao.org/faostat/en/#data (accessed 5 June 2019).,,,,,,,,,,,,,,,,,,
,,,,,,,,,,,,,,,,,,,,
,     Manufacturing,For 2000–2007 and 2010–2018: CBS. http://cbs.gov.np/ (accessed 21 June 2018).,,,,,,,,,,,,,,,,,,
,,For 2008: Nepal Rastra Bank (NRB). Economic Report 2008/09.,,,,,,,,,,,,,,,,,,
,,"For 2009: CBS. Official communication, 24 July 2016; past communication.",,,,,,,,,,,,,,,,,,
,,,,,,,,,,,,,,,,,,,,
,Energy,,,,,,,,,,,,,,,,,,,
,,,,,,,,,,,,,,,,,,,,
,     Coal,"For 2001–2004: NRB. Official communication, 1 July 2015; past communication.",,,,,,,,,,,,,,,,,,
,,"For 2005–2018: Government of Nepal, Ministry of Finance. Economic Survey 2017/18. http://mof.gov.np/en/archive-documents/economic-survey-21.html; previous issues.",,,,,,,,,,,,,,,,,,
,,,,,,,,,,,,,,,,,,,,
,     Electricity,"Government of Nepal, Ministry of Energy, Water Resources and Irrigation. Official communication, 24 May 2019.",,,,,,,,,,,,,,,,,,
,,,,,,,,,,,,,,,,,,,,
,     Retail Prices,"NRB. Official communication, 3 June 2019; past communication.",,,,,,,,,,,,,,,,,,
,,,,,,,,,,,,,,,,,,,,
,Price Indexes,"NRB. Official communication, 3 June 2019; past communication.",,,,,,,,,,,,,,,,,,
,,,,,,,,,,,,,,,,,,,,
,     Implicit GDP Deflator,"CBS. Official communication, 13 May 2019.",,,,,,,,,,,,,,,,,,
,,,,,,,,,,,,,,,,,,,,
,Money and Banking,"NRB. Official communication, 3 June 2019; past communication.",,,,,,,,,,,,,,,,,,
,,,,,,,,,,,,,,,,,,,,
,Government Finance,International Monetary Fund (IMF). Government Finance Statistics. http://data.imf.org/ (accessed 30 May 2019).,,,,,,,,,,,,,,,,,,
,,,,,,,,,,,,,,,,,,,,
,External Trade,"NRB. Official communication, 3 June 2019; past communication.",,,,,,,,,,,,,,,,,,
,,,,,,,,,,,,,,,,,,,,
,     Direction of Trade,IMF. Direction of Trade Statistics. http://data.imf.org (accessed 20 May 2019).,,,,,,,,,,,,,,,,,,
,,,,,,,,,,,,,,,,,,,,
,Balance of Payments,"NRB. Official communication, 3 June 2019; past communication.",,,,,,,,,,,,,,,,,,
,,,,,,,,,,,,,,,,,,,,
,International Reserves    ,IMF. International Financial Statistics. http://data.imf.org/ (accessed 27 March 2019).,,,,,,,,,,,,,,,,,,
,,,,,,,,,,,,,,,,,,,,
,Exchange Rates               ,IMF. International Financial Statistics. http://data.imf.org/ (accessed 27 March 2019).,,,,,,,,,,,,,,,,,,
,,,,,,,,,,,,,,,,,,,,
,External Indebtedness,World Bank. World Development Indicators. https://data.worldbank.org/indicator (accessed 4 April 2019).,,,,,,,,,,,,,,,,,,
