THAILAND,,,,,,,,,,,,,,,,,,,,
,,,,,,,,,,,,,,,,,,,,
Asian Development Bank (ADB) ,,,,,,,,,,,,,,,,,,,,
Key Indicators for Asia and the Pacific 2019,,,,,,,,,,,,,,,,,,,,
www.adb.org/statistics,,,,,,,,,,,,,,,,,,,,
,,,,,,,,,,,,,,,,,,,,
,,2000,2001,2002,2003,2004,2005,2006,2007,2008,2009,2010,2011,2012,2013,2014,2015,2016,2017,2018
,,,,,,,,,,,,,,,,,,,,
,POPULATION ,,,,,,,,,,,,,,,,,,,
,Total population  as of 1 July  (million),60.67,61.18,61.69,62.20,62.72,63.24,63.77,64.30,64.84,65.38,65.92,66.21,66.49,66.75,67.00,67.24,67.45,67.65,67.83
,Population density   (persons/km2),118,119,120,121,122,123,124,125,126,127,128,129,130,130,131,131,131,132,132
,Population   (% annual change),0.8,0.8,0.8,0.8,0.8,0.8,0.8,0.8,0.8,0.8,0.8,0.4,0.4,0.4,0.4,0.3,0.3,0.3,0.3
,Urban population   (% of total population),31.1,31.4,31.6,31.9,32.2,32.5,32.9,33.2,33.5,33.9,43.4,44.3,45.1,45.9,46.7,47.6,48.4,49.2,50.1
,,,,,,,,,,,,,,,,,,,,
,LABOR FORCEa   calendar year ('000),"33,224","33,813","34,262","34,902","35,718","36,132","36,429","36,942","37,700","38,427","38,644","38,360","38,746","38,661","38,576","38,548","38,267","38,100","38,434"
,Employed,"31,293","32,104","33,061","33,841","34,729","35,257","35,686","36,249","37,017","37,706","38,037","37,953","38,324","38,217","38,077","38,016","37,693","37,458","37,865"
,"          Agriculture, forestry, and fishing","13,830","13,612","14,042","13,880","13,634","13,617","14,171","14,306","14,699","14,693","14,547","12,485","13,164","13,042","12,733","12,272","11,747","11,783","12,168"
,          Mining and quarrying,45,50,45,47,50,57,58,63,58,51,41,50,68,62,69,79,66,64,73
,          Manufacturing,"4,650","4,927","5,052","5,299","5,476","5,588","5,504","5,619","5,453","5,374","5,350","6,001","6,269","6,294","6,393","6,454","6,289","6,108","6,259"
,"          Electricity, gas, steam, and air-conditioning supply; water supply, sewerage,
               waste management, and remediation activities",112,98,89,95,100,107,107,102,204,201,159,197,172,191,223,188,217,226,190
,          Construction,"1,504","1,645","1,787","1,881","2,080","2,129","2,151","2,149","2,214","2,303","2,356","2,204","2,335","2,388","2,269","2,282","2,352","2,160","2,112"
,          Wholesale and retail trade; repair of motor vehicles and motorcycles,"4,374","4,688","4,946","5,199","5,540","5,553","5,514","5,574","5,754","6,048","6,236","6,357","6,195","6,200","6,185","6,176","6,331","6,321","6,277"
,          Accommodation and food service activitiesb,"1,810","1,918","2,043","2,147","2,256","2,349","2,275","2,343","2,384","2,593","2,654","2,923","2,551","2,536","2,568","2,644","2,729","2,778","2,827"
,          Transportation and storage,964,"1,005","1,009","1,050","1,100","1,108","1,072","1,058","1,117","1,141","1,108","1,122","1,087","1,144","1,192","1,216","1,199","1,232","1,260"
,          Information and communication,,,,,,,,,75,73,76,231,272,265,248,242,231,220,199
,          Financial and insurance activities,270,303,272,289,297,317,340,342,373,375,367,461,493,526,527,539,546,525,501
,          Real estate activities,480,495,500,557,624,647,672,717,685,698,715,945,160,165,159,194,186,204,184
,          Othersc,"3,254","3,364","3,277","3,397","3,571","3,785","3,823","3,976","4,000","4,157","4,430","4,979","5,559","5,405","5,512","5,732","5,799","5,837","5,813"
,Unemployed,"1,194","1,124",823,754,739,663,552,509,522,572,402,254,254,282,323,341,377,451,404
,Unemployment rate (%),3.6,3.3,2.4,2.2,2.1,1.8,1.5,1.4,1.4,1.5,1.0,0.7,0.7,0.7,0.8,0.9,1.0,1.2,1.1
,Labor force (% annual change),1.5,1.8,1.3,1.9,2.3,1.1,0.9,1.4,2.1,1.9,0.6,-0.7,1.0,-0.2,-0.2,-0.1,-0.7,-0.4,0.9
,Labor force participation rate  (%),71.5,71.9,71.9,72.2,72.4,72.5,72.2,72.4,72.6,72.8,72.3,72.1,71.8,71.1,70.3,69.8,68.8,68.1,68.3
,          Male,77.1,80.6,80.6,80.8,81.2,81.1,80.9,81.1,81.2,81.2,80.7,80.3,79.9,80.4,79.3,78.6,77.6,76.9,77.1
,          Female,60.9,63.3,63.3,63.9,63.8,64.3,64.0,64.2,64.5,64.5,64.3,64.3,64.2,63.2,62.0,61.6,60.6,59.8,60.1
,,,,,,,,,,,,,,,,,,,,
,NATIONAL ACCOUNTS  calendar year (B billion),,,,,,,,,,,,,,,,,,,
,At Current Prices,,,,,,,,,,,,,,,,,,,
,GDP by industrial origin at current market prices,"5,070","5,345","5,770","6,317","6,954","7,614","8,401","9,076","9,707","9,659","10,808","11,307","12,357","12,915","13,230","13,743","14,555","15,452","16,318"
,"          Agriculture, forestry, and fishing",431,459,502,596,646,700,790,848,978,945,"1,137","1,311","1,422","1,462","1,335","1,219","1,230","1,286","1,324"
,          Mining and quarrying,119,128,137,155,175,222,265,286,331,327,367,401,483,497,496,431,399,388,420
,          Manufacturing,"1,439","1,487","1,645","1,869","2,046","2,255","2,534","2,776","2,966","2,846","3,343","3,279","3,457","3,563","3,648","3,762","3,960","4,197","4,368"
,"          Electricity, gas, steam, and air-conditioning supply",125,144,153,167,186,196,214,222,236,249,264,270,292,313,331,343,372,397,433
,"          Water supply; sewerage, waste management, and remediation activities",25,27,27,29,31,32,30,31,33,36,38,38,42,48,52,55,59,64,68
,          Construction,152,155,167,176,197,227,245,263,267,271,303,307,341,345,337,380,400,395,412
,          Wholesale and retail trade; repair of motor vehicles and motorcycles,845,882,906,948,"1,028","1,100","1,179","1,265","1,338","1,382","1,516","1,571","1,710","1,729","1,816","1,966","2,188","2,398","2,602"
,          Transportation and storage,331,352,373,379,418,453,504,560,566,579,607,616,666,694,721,779,829,879,950
,          Information and communication,110,132,142,154,169,182,192,207,218,208,222,243,265,291,301,327,339,358,386
,          Accommodation and food service activitiesb,199,208,217,214,230,231,255,278,299,285,312,350,413,473,498,600,697,818,915
,          Financial and insurance activities,193,231,277,317,367,417,449,493,524,554,581,645,745,871,961,"1,038","1,122","1,166","1,194"
,          Real estate activities,216,208,230,241,248,258,280,283,287,279,294,306,318,319,325,332,354,377,400
,"          Professional, scientific, and technical activities",95,92,98,111,129,146,162,181,190,170,196,214,259,267,268,261,255,275,290
,          Administrative and support service activities,67,80,96,113,133,144,162,158,169,156,172,189,228,234,231,237,241,250,261
,          Public administration and defense; compulsory social security,300,317,341,360,393,438,483,530,577,606,640,681,733,766,803,843,883,918,954
,          Education,203,210,215,228,262,289,319,350,372,394,418,454,503,528,565,594,617,636,650
,          Human health and social work activities,101,110,119,121,136,145,155,163,172,193,206,219,236,251,271,288,308,327,347
,"          Arts, entertainment, and recreation",25,24,24,29,37,44,44,37,38,37,45,51,60,65,66,70,81,91,102
,          Other service activities,77,82,85,91,105,115,123,125,132,124,130,142,163,175,182,186,194,204,215
,"          Activities of households as employers; undifferentiated goods- and services-
              producing activities of households for own use",17,18,18,20,19,18,17,18,17,17,18,21,23,23,25,28,28,28,28
,          Activities of extraterritorial organizations and bodies,...,...,...,...,...,...,...,...,...,...,...,...,...,...,...,...,...,...,...
,Net factor income from abroad,-100,-149,-203,-258,-302,-341,-312,-309,-354,-338,-453,-273,-566,-825,-681,-709,-685,-690,-781
,GNI,"4,970","5,196","5,567","6,059","6,652","7,273","8,088","8,767","9,353","9,320","10,355","11,034","11,791","12,090","12,550","13,034","13,869","14,762","15,537"
,,,,,,,,,,,,,,,,,,,,
,              Structure of Output   (% of GDP at current market prices),,,,,,,,,,,,,,,,,,,
,                    Agriculture,8.5,8.6,8.7,9.4,9.3,9.2,9.4,9.3,10.1,9.8,10.5,11.6,11.5,11.3,10.1,8.9,8.4,8.3,8.1
,                    Industryd,33.7,33.4,34.0,35.1,35.1,35.5,36.2,36.5,36.7,35.8,37.1,35.3,34.6,34.2,34.2,33.4,32.9,32.7,32.4
,                    Servicese,57.8,58.0,57.3,55.4,55.6,55.3,54.4,54.1,53.2,54.4,52.4,53.1,53.9,54.4,55.7,57.7,58.6,59.0,59.5
,,,,,,,,,,,,,,,,,,,,
,Expenditure on GDP at current market prices,"5,070","5,345","5,770","6,317","6,954","7,614","8,401","9,076","9,707","9,659","10,808","11,307","12,357","12,915","13,230","13,743","14,555","15,452","16,318"
,Final consumption expenditure,"3,433","3,714","3,971","4,331","4,798","5,292","5,709","6,033","6,599","6,669","7,347","7,813","8,565","8,860","9,172","9,365","9,716","10,059","10,589"
,Household final consumption,"2,692","2,936","3,154","3,455","3,823","4,184","4,498","4,691","5,117","5,028","5,538","5,876","6,422","6,615","6,789","6,867","7,105","7,377","7,795"
,NPISHs final consumption ,53,57,57,59,62,68,76,79,90,97,102,112,122,132,144,145,146,152,157
,  Government final consumption,688,720,760,817,912,"1,040","1,134","1,264","1,392","1,543","1,708","1,825","2,021","2,113","2,238","2,353","2,465","2,530","2,637"
,Gross capital formation,"1,130","1,235","1,312","1,505","1,786","2,316","2,269","2,314","2,740","1,993","2,741","3,029","3,463","3,546","3,165","3,072","3,048","3,529","4,077"
,Gross fixed capital formation,"1,094","1,202","1,264","1,455","1,729","2,110","2,255","2,310","2,567","2,232","2,593","2,921","3,336","3,278","3,263","3,371","3,458","3,581","3,727"
,Public,410,402,390,392,433,535,576,626,639,650,661,644,728,737,691,865,929,926,962
,Private,684,800,874,"1,063","1,296","1,575","1,680","1,684","1,928","1,582","1,932","2,277","2,608","2,541","2,572","2,506","2,529","2,655","2,764"
,Changes in inventories,36,34,48,50,57,206,14,4,173,-239,147,108,127,268,-98,-299,-410,-52,350
,Acquisitions less disposals of valuables,,,,,,,,,,,,,,,,,,,
,Exports of goods and services,"3,287","3,381","3,499","3,887","4,588","5,208","5,769","6,251","6,932","6,224","7,186","8,011","8,620","8,797","9,165","9,445","9,954","10,535","10,905"
,Exports of goods,"2,731","2,803","2,838","3,233","3,823","4,407","4,838","5,212","5,831","5,190","6,100","6,745","7,076","6,991","7,360","7,332","7,560","7,974","8,190"
,Exports of services,556,578,661,653,765,802,931,"1,039","1,101","1,034","1,086","1,267","1,544","1,807","1,805","2,113","2,394","2,561","2,715"
,Less: Imports of goods and services,"2,862","3,048","3,134","3,485","4,273","5,288","5,495","5,537","6,700","5,296","6,567","7,781","8,492","8,432","8,270","7,862","7,806","8,398","9,218"
,Imports of goods,"2,266","2,430","2,445","2,770","3,390","4,264","4,324","4,295","5,256","4,117","5,259","6,376","7,073","6,977","6,801","6,407","6,271","6,816","7,430"
,Imports of services,597,618,690,716,883,"1,024","1,171","1,241","1,444","1,179","1,308","1,405","1,419","1,455","1,469","1,455","1,536","1,582","1,788"
,Statistical discrepancy ,82,63,121,80,56,86,149,14,136,69,102,234,202,144,-1,-277,-357,-273,-35
,,,,,,,,,,,,,,,,,,,,
,              Structure of Demand   (% of GDP at current market prices),,,,,,,,,,,,,,,,,,,
,               Household final consumption,53.1,54.9,54.7,54.7,55.0,54.9,53.5,51.7,52.7,52.1,51.2,52.0,52.0,51.2,51.3,50.0,48.8,47.7,47.8
,               Government final consumption,13.6,13.5,13.2,12.9,13.1,13.7,13.5,13.9,14.3,16.0,15.8,16.1,16.4,16.4,16.9,17.1,16.9,16.4,16.2
,               Gross capital formation,22.3,23.1,22.7,23.8,25.7,30.4,27.0,25.5,28.2,20.6,25.4,26.8,28.0,27.5,23.9,22.4,20.9,22.8,25.0
,                    Changes in inventories,0.7,0.6,0.8,0.8,0.8,2.7,0.2,0.0,1.8,-2.5,1.4,1.0,1.0,2.1,-0.7,-2.2,-2.8,-0.3,2.1
,               Exports of goods and services,64.8,63.3,60.6,61.5,66.0,68.4,68.7,68.9,71.4,64.4,66.5,70.9,69.8,68.1,69.3,68.7,68.4,68.2,66.8
,               Imports of goods and services,56.5,57.0,54.3,55.2,61.4,69.5,65.4,61.0,69.0,54.8,60.8,68.8,68.7,65.3,62.5,57.2,53.6,54.3,56.5
,               Statistical discrepancy,1.6,1.2,2.1,1.3,0.8,1.1,1.8,0.2,1.4,0.7,0.9,2.1,1.6,1.1, -0.0,-2.0,-2.5,-1.8,-0.2
,,,,,,,,,,,,,,,,,,,,
,At Chained Prices,,,,,,,,,,,,,,,,,,,
,GDP by industrial origin at 2002 market pricesf,"5,254","5,435","5,770","6,184","6,573","6,849","7,189","7,580","7,710","7,657","8,232","8,302","8,903","9,142","9,232","9,521","9,841","10,237","10,660"
,"          Agriculture, forestry, and fishing",486,501,502,561,555,555,577,588,605,603,601,638,656,660,658,616,608,631,663
,          Mining and quarrying,126,127,137,150,153,172,187,194,207,209,224,221,238,243,239,245,247,234,232
,          Manufacturing,"1,482","1,511","1,645","1,813","1,948","2,030","2,145","2,301","2,356","2,278","2,537","2,414","2,581","2,630","2,631","2,670","2,730","2,811","2,895"
,"          Electricity, gas, steam, and air-conditioning supply",129,142,153,159,172,181,187,200,210,220,235,238,262,257,265,278,286,292,299
,"          Water supply; sewerage, waste management, and remediation activities",25,27,27,28,31,32,30,30,31,32,34,33,36,39,40,43,47,50,51
,          Construction,157,158,167,172,186,204,207,215,203,210,228,218,236,235,229,269,290,282,289
,          Wholesale and retail trade; repair of motor vehicles and motorcycles,864,889,906,950,995,"1,012","1,063","1,136","1,134","1,107","1,207","1,208","1,271","1,280","1,270","1,341","1,423","1,522","1,634"
,          Transportation and storage,334,345,373,373,403,416,434,465,460,454,489,497,539,567,584,608,627,679,717
,          Information and communication,104,130,142,156,187,213,250,271,296,294,312,339,369,404,425,468,482,494,528
,          Accommodation and food service activitiesb,204,214,217,215,233,235,258,267,279,274,299,336,384,421,431,496,542,599,646
,          Financial and insurance activities,227,245,277,309,328,346,344,355,353,392,407,432,499,560,602,653,698,736,760
,"          Real estate, renting, and business activities",207,204,230,248,263,274,298,303,308,295,308,319,328,332,339,344,368,392,413
,"          Professional, scientific, and technical activities",94,91,98,110,125,138,147,164,163,145,161,172,201,205,202,199,195,207,215
,          Administrative and support service activities,67,80,96,111,128,134,143,138,139,127,135,143,167,168,164,170,172,176,180
,          Public administration and defense; compulsory social security,314,324,341,350,351,369,379,408,422,438,456,473,493,495,502,507,510,512,517
,          Education,211,214,215,223,234,245,253,264,266,274,289,296,311,317,324,324,327,329,329
,          Human health and social work activities,105,112,119,119,126,130,133,138,142,158,167,175,185,192,202,209,215,223,231
,"          Arts, entertainment, and recreation",25,24,24,29,36,42,42,36,35,34,42,48,56,61,61,67,81,91,101
,          Other service activities,78,82,85,89,101,106,110,109,109,102,104,112,125,132,135,140,145,151,157
,"          Activities of households as employers; undifferentiated goods- and services-
              producing activities of households for own use",19,19,18,19,18,18,17,18,16,18,18,19,19,18,17,18,18,17,17
,          Activities of extraterritorial organizations and bodies,...,...,...,...,...,...,...,...,...,...,...,...,...,...,...,...,...,...,...
,      Net factor income from abroad,...,...,...,...,...,...,...,...,...,...,...,...,...,...,...,...,...,...,...
,      GNI,"5,155","5,286","5,567","5,931","6,285","6,540","6,921","7,321","7,435","7,394","7,891","8,107","8,507","8,574","8,776","9,040","9,377","9,771",...
,,,,,,,,,,,,,,,,,,,,
,              Growth of Output   (% annual change),,,,,,,,,,,,,,,,,,,
,               GDP,4.5,3.4,6.1,7.2,6.3,4.2,5.0,5.4,1.7,-0.7,7.5,0.8,7.2,2.7,1.0,3.1,3.4,4.0,4.1
,               Agriculture,6.8,3.1,0.1,12.0,-1.1,-0.1,3.9,1.9,2.9,-0.2,-0.5,6.3,2.7,0.7,-0.3,-6.5,-1.3,3.7,5.1
,               Industryd,4.0,2.5,8.6,9.6,7.2,4.9,5.6,6.8,2.9,-2.3,10.6,-4.1,7.2,1.7,0.1,1.9,2.2,2.2,2.7
,               Servicese,4.4,4.0,5.6,5.0,7.0,4.5,4.7,5.1,0.7,0.4,6.9,3.3,8.2,3.7,1.8,5.6,4.7,5.1,4.8
,,,,,,,,,,,,,,,,,,,,
,Expenditure on GDP at 2002 market pricesf,"5,254","5,435","5,770","6,184","6,573","6,849","7,189","7,580","7,710","7,657","8,232","8,302","8,903","9,142","9,232","9,521","9,841","10,237","10,606"
,     Household final consumption,"2,855","3,023","3,211","3,447","3,703","3,859","3,967","4,014","4,128","4,091","4,314","4,393","4,688","4,732","4,768","4,879","5,020","5,170","5,410"
,     NPISHs final consumption ,,,,,,,,,,,,,,,,,,,
,     Government final consumption,716,735,760,799,830,896,917,995,"1,044","1,153","1,256","1,302","1,396","1,417","1,457","1,494","1,527","1,529","1,557"
,     Gross capital formation,"1,206","1,225","1,312","1,474","1,704","2,074","1,949","1,975","2,157","1,622","2,140","2,197","2,440","2,518","2,207","2,254","2,170","2,413",...
,           Gross fixed capital formation,"1,169","1,190","1,264","1,424","1,650","1,885","1,935","1,969","2,015","1,796","2,004","2,102","2,327","2,303","2,253","2,351","2,418","2,462","2,554"
,                    Public,430,403,390,379,401,466,476,500,458,499,495,452,484,488,456,585,641,633,654
,                    Private,739,788,874,"1,045","1,250","1,420","1,459","1,469","1,561","1,289","1,504","1,647","1,841","1,813","1,796","1,757","1,766","1,796","1,891"
,           Changes in inventories,37,34,48,50,54,188,11,3,139,-183,107,68,82,175,-64,-112,-339,-89,216
,           Acquisitions less disposals of valuables,,,,,,,,,,,,,,,,,,,
,     Exports of goods and services,"3,305","3,304","3,499","3,819","4,377","4,717","5,226","5,691","6,047","5,313","6,068","6,645","6,970","7,159","7,177","7,290","7,496","7,904","8,238"
,               Exports of goods,"2,749","2,721","2,838","3,173","3,657","3,960","4,379","4,764","5,088","4,404","5,129","5,579","5,700","5,706","5,750","5,633","5,648","5,971","6,219"
,               Exports of services,555,582,661,646,720,757,847,927,960,910,937,"1,065","1,270","1,457","1,432","1,665","1,859","1,944","2,031"
,     Less: Imports of goods and services,"2,908","2,951","3,134","3,482","4,189","4,867","5,011","5,221","5,816","4,608","5,666","6,368","6,727","6,840","6,478","6,478","6,414","6,813","7,400"
,               Imports of goods,"2,282","2,325","2,445","2,773","3,345","3,906","3,943","4,112","4,563","3,588","4,555","5,209","5,580","5,681","5,323","5,335","5,213","5,600","6,055"
,               Imports of services,625,624,690,709,844,962,"1,071","1,112","1,255","1,022","1,114","1,164","1,151","1,163","1,157","1,145","1,199","1,215","1,345"
,,,,,,,,,,,,,,,,,,,,
,               Growth of Demand   (% annual change),,,,,,,,,,,,,,,,,,,
,               Household final consumptiong,7.0,5.9,6.2,7.3,7.4,4.2,2.8,1.2,2.8,-0.9,5.5,1.8,6.7,0.9,0.8,2.3,2.9,3.0,4.6
,               Government final consumption,2.8,2.6,3.4,5.1,3.9,8.0,2.3,8.6,4.9,10.4,8.9,3.7,7.2,1.5,2.8,2.5,2.2,0.1,1.8
,               Gross capital formation,8.0,1.5,7.1,12.3,15.6,21.7,-6.0,1.3,9.2,-24.8,32.0,2.6,11.1,3.2,-12.3,2.1,-3.7,11.2,...
,               Exports of goods and services,15.8, -0.0,5.9,9.1,14.6,7.8,10.8,8.9,6.3,-12.1,14.2,9.5,4.9,2.7,0.3,1.6,2.8,5.4,4.2
,               Imports of goods and services,26.0,1.5,6.2,11.1,20.3,16.2,2.9,4.2,11.4,-20.8,23.0,12.4,5.6,1.7,-5.3,0.0,-1.0,6.2,8.6
,,,,,,,,,,,,,,,,,,,,
,Investment Financing at Current Prices,,,,,,,,,,,,,,,,,,,
,Gross capital formation,"1,130","1,235","1,312","1,505","1,786","2,316","2,269","2,314","2,740","1,993","2,741","3,029","3,463","3,546","3,165","3,072","3,048","3,529","4,077"
,Gross national saving,"1,531","1,503","1,557","1,747","1,947","2,132","2,485","2,991","2,931","2,863","3,201","3,434","3,534","3,544","3,806","4,320","4,897","5,384","5,398"
,     Gross domestic saving,"1,607","1,626","1,734","1,966","2,163","2,305","2,619","3,107","3,062","3,019","3,461","3,372","3,713","4,043","4,204","4,800","5,342","5,818","5,921"
,     Net factor income from abroad,-100,-149,-203,-258,-302,-341,-312,-309,-354,-338,-453,-273,-566,-825,-681,-709,-685,-690,-781
,     Net current transfers from abroadh,23,27,26,39,86,169,178,193,222,183,193,335,387,326,284,229,241,256,259
,,,,,,,,,,,,,,,,,,,,
,              Savings and Investment   (% of GDP at current market prices),,,,,,,,,,,,,,,,,,,
,               Gross domestic saving,31.7,30.4,30.1,31.1,31.1,30.3,31.2,34.2,31.5,31.3,32.0,29.8,30.0,31.3,31.8,34.9,36.7,37.7,36.3
,               Gross national saving,30.2,28.1,27.0,27.6,28.0,28.0,29.6,33.0,30.2,29.6,29.6,30.4,28.6,27.4,28.8,31.4,33.6,34.8,33.1
,               Gross capital formation,22.3,23.1,22.7,23.8,25.7,30.4,27.0,25.5,28.2,20.6,25.4,26.8,28.0,27.5,23.9,22.4,20.9,22.8,25.0
,,,,,,,,,,,,,,,,,,,,
,At Current Market Prices  (B),,,,,,,,,,,,,,,,,,,
,Per capita GDP,"81,458","85,387","91,641","99,766","109,196","118,876","130,399","140,079","148,953","147,363","163,956","170,764","185,848","193,471","197,458","204,406","215,767","228,400","240,567"
,Per capita GNI,"79,852","82,999","88,420","95,688","104,452","113,546","125,551","135,312","143,521","142,199","157,087","166,645","177,333","181,105","187,299","193,862","205,607","218,204","229,048"
,,,,,,,,,,,,,,,,,,,,
,PRODUCTION INDEXES  period averages,,,,,,,,,,,,,,,,,,,
,     Agriculture;  2004 | 2005 = 100,90.2,95.2,96.3,102.5,100.1 |,100.0,106.3,111.1,113.0,116.3,117.3,127.5,131.7,130.8,131.2,126.1,126.1,134.92,144.05
,     Manufacturing;  2000 | 2016 = 100,100.0,102.7,112.0,127.7,142.6,149.8,159.3,172.2,178.9,170.0,194.2 |,91.6,100.8,102.7,98.6,98.7,100.0,101.8,105.5
,,,,,,,,,,,,,,,,,,,,
,ENERGY  annual values,,,,,,,,,,,,,,,,,,,
,Crude petroleumi (t ’000 ),,,,,,,,,,,,,,,,,,,
,     Production,"2,858","3,054","3,727","4,751","4,218","5,618","6,361","6,637","7,100","7,598","7,555","6,905","7,348","7,373","6,833","7,517","8,044","6,967","6,373"
,     Exports,"1,487","1,884","2,286","3,295","2,795","3,235","3,228","2,567","2,262","2,026","1,478","1,603","2,024","1,227",330,39,"1,523","1,612","1,412"
,     Imports,"33,203","35,140","35,935","38,270","43,027","40,827","40,906","39,670","40,031","39,626","40,260","39,176","42,431","42,817","39,703","43,181","42,036","44,738","46,913"
,     Consumption,"36,625","35,897","37,442","39,705","42,312","42,473","41,860","41,758","39,826","40,949","43,596","45,926","48,772","50,113","51,161","51,776","54,251","54,251","56,327"
,,,,,,,,,,,,,,,,,,,,
,Coal  (t ’000 ),,,,,,,,,,,,,,,,,,,
,     Production,...,...,...,...,...,...,...,...,...,...,...,...,...,...,...,...,...,...,...
,     Exports,509,605,625,436,739,460,616,492,354,204,755,873,"1,198",923,"5,421","3,027","1,261",...,...
,     Imports,"4,183","4,939","5,599","7,110","7,550","8,569","11,215","14,482","16,017","16,389","16,965","16,337","18,614","18,030","20,933","21,932","21,772","22,189","24,759"
,     Consumption,"4,183","4,945","5,599","7,110","7,550","8,568","11,215","14,482","16,017","16,389","16,965","16,337","18,614","18,030","20,933","21,932","21,772","22,189","23,728"
,,,,,,,,,,,,,,,,,,,,
,Natural gas (scf million),,,,,,,,,,,,,,,,,,,
,     Production ,"1,948","1,900","1,986","2,077","2,158","2,292","2,353","2,515","2,778","2,990","3,506","3,577","3,996","4,044","4,073","3,850","3,767","3,620","3,527"
,     Exports ,...,...,...,...,...,...,...,...,...,...,...,...,...,...,...,...,...,...,...
,     Imports ,164,496,617,686,726,857,869,906,828,803,853,928,950,"1,013","1,025","1,262","1,249","1,358","1,385"
,     Consumption ,"1,976","2,296","2,495","2,657","2,774","2,997","3,086","3,288","3,444","3,564","4,039","4,143","4,534","4,568","4,669","4,764","4,714","4,682","4,668"
,,,,,,,,,,,,,,,,,,,,
,Electricity  (kWh million),,,,,,,,,,,,,,,,,,,
,     Production,"98,511","103,869","111,230","118,325","127,506","134,798","141,923","147,026","148,251","145,086","159,056","158,833","173,295","173,377","177,261","183,187","188,801","188,846","191,073"
,     Exports,151,195,188,206,253,501,586,764,961,"1,289","1,313","1,336","1,535","1,375","1,594","1,769",890,589,588
,     Imports,"2,980","2,881","2,812","2,473","3,377","4,372","5,156","4,488","2,784","2,460","7,253","10,676","10,528","12,572","12,261","14,414","19,825","24,427","26,669"
,     Consumption,"92,467","97,887","105,182","112,139","120,299","126,521","133,535","138,579","140,552","140,301","154,752","153,357","167,698","168,147","172,014","177,768","184,069","184,324","186,766"
,,,,,,,,,,,,,,,,,,,,
,Retail Prices  (B/L),,,,,,,,,,,,,,,,,,,
,"     Gasoline, premiumj",15.6,15.5,15.3,16.6,19.1,23.9,27.6,29.2,35.6,38.3 |,32.2,36.4,38.0,39.0,38.9,27.9,24.5,27.2,29.0
,     Diesel,12.9,13.4,13.1,14.0,14.6,20.0,25.6,25.7,31.2,29.4,28.6,29.4,30.4,30.0,29.7,24.9,23.3,25.6,28.4
,,,,,,,,,,,,,,,,,,,,
,PRICE INDEXES  period averages; 2015 = 100,,,,,,,,,,,,,,,,,,,
,Consumer (national),70.1,71.2,71.7,73.0,75.1,78.4,82.1,83.9,88.5,87.7,90.6,94.1,96.9,99.0,100.9,100.0,100.2,100.9,101.9
,          Food and nonalcoholic beverages,52.9,53.2,53.5,55.5,58.0,60.8,63.6,66.2,73.8,77.1,81.3,87.8,92.0,95.1,98.9,100.0,101.6,101.6,102.0
,"          Alcoholic beverages, tobacco, and narcotics",61.0,64.8,66.2,65.9,65.3,66.5,72.2,73.3,75.3,81.8,85.8,85.8,88.4,93.5,98.0,100.0,112.0,115.4,120.3
,          Clothing and footwear,96.7,97.6,98.0,98.2,98.4,98.8,99.0,99.2,99.5,97.3,96.3,96.9,97.8,98.6,99.4,100.0,100.4,100.4,100.6
,"          Housing, water, electricity, gas, and other fuels",90.7,92.1,92.1,91.6,92.1,93.2,95.2,95.3,92.2,90.7,92.5,93.7,96.2,98.0,99.4,100.0,99.0,99.2,100.2
,"          Furnishings, household equipment, and routine household maintenance",,,,,,,,,,,,,,,,,,,
,          Healthk,84.2,85.9,86.8,87.6,89.0,90.5,91.8,92.5,93.5,94.6,95.4,96.2,97.2,98.1,99.0,100.0,100.8,101.1,101.6
,          Transport,74.9,77.2,78.2,80.7,84.1,92.4,100.8,102.9,109.3,98.4,102.1,103.9,105.5,106.9,107.0,100.0,98.2,100.5,102.9
,          Communication,,,,,,,,,,,,,,,,,,,
,          Recreation and culture,99.4,100.4,101.4,101.3,103.0,103.9,104.7,106.0,107.5,100.4,97.0,97.5,97.9,98.4,99.1,100.0,100.8,101.4,101.8
,          Education,,,,,,,,,,,,,,,,,,,
,          Restaurants and hotels,,,,,,,,,,,,,,,,,,,
,          Miscellaneous goods and services,...,...,...,...,...,...,...,...,...,...,...,...,...,...,...,...,...,...,...
, Consumer (Bangkok) ,72.1,73.2,73.6,74.8,76.7,80.1,83.7,85.5,89.4,88.4,90.8,94.1,97.1,99.1,100.5,100.0,100.1,100.7,101.8
,          Food and nonalcoholic beverages,56.6,56.8,56.9,58.9,61.4,64.1,66.4,68.9,76.0,78.6,82.1,88.9,93.8,96.6,99.3,100.0,101.5,101.4,102.3
,"          Alcoholic beverages, tobacco, and narcotics",61.7,65.4,66.8,66.3,65.7,66.8,72.7,74.1,76.2,82.3,86.1,86.0,88.6,93.8,97.9,100.0,112.2,115.6,120.8
,          Clothing and footwear,97.1,98.2,98.9,98.9,99.0,99.4,99.7,99.6,99.8,97.9,96.6,96.6,97.3,98.5,99.4,100.0,100.0,99.5,99.4
,"          Housing, water, electricity, gas, and other fuels",88.6,90.0,90.0,89.3,89.7,90.9,92.8,92.9,90.2,89.9,91.9,93.1,95.4,97.3,98.7,100.0,99.2,99.4,100.4
,"          Furnishings, household equipment, and routine household maintenance",,,,,,,,,,,,,,,,,,,
,          Healthk,83.9,85.8,86.8,87.5,89.1,90.9,92.1,93.0,93.9,94.8,95.5,96.2,97.4,98.2,99.1,100.0,100.3,100.5,101.2
,          Transport,75.6,78.0,78.8,81.2,84.5,93.4,103.0,105.3,110.6,98.4,101.3,102.6,104.0,105.2,105.3,100.0,98.5,100.3,102.3
,          Communication,,,,,,,,,,,,,,,,,,,
,          Recreation and culture,98.8,99.7,100.7,100.7,102.3,103.1,103.2,104.2,105.9,99.7,96.6,97.1,97.6,98.3,98.9,100.0,101.3,102.1,102.4
,          Education,,,,,,,,,,,,,,,,,,,
,          Restaurants and hotels,,,,,,,,,,,,,,,,,,,
,          Miscellaneous goods and services,...,...,...,...,...,...,...,...,...,...,...,...,...,...,...,...,...,...,...
,Producer; 2010 = 100,60.6,62.1,63.2,65.7,70.1,76.5,81.9,84.5,95.0,91.4,100.0,105.5,106.6,106.9,107.0,102.6,101.4,102.1,102.5
,Wholesale; 2002=100,72.8,78.4 |,100.0,116.6,133.4,132.1,132.4,137.1,138.0,130.5,143.6,153.9,186.1,181.4,170.8,181.0,200.2,201.1,207.5
,Retail; 2002=100,81.0,87.9 |,100.0,112.9,131.4,142.5,148.3,149.0,154.9,144.1,172.8,190.2,226.1,225.8,212.3,212.8,215.2,228.7,253.0
,Implicit GDP deflator; 2002 = 100,96.5,98.3,100.0,102.1,105.8,111.2,116.9,119.7,125.9,126.1,131.3,136.2,138.8,141.3,143.3,144.3,147.9,150.9,153.1
,,,,,,,,,,,,,,,,,,,,
,              Price Indexes   (% annual change),,,,,,,,,,,,,,,,,,,
,               Consumer price index (national),1.6,1.6,0.7,1.8,2.9,4.4,4.7,2.2,5.5,-0.9,3.3,3.8,3.0,2.2,1.9,-0.9,0.2,0.7,1.1
,               Food and nonalcoholic beverages index (national),-1.1,0.6,0.6,3.7,4.5,4.8,4.6,4.1,11.5,4.5,5.4,8.0,4.8,3.4,3.9,1.1,1.6,–,0.4
,               Producer price index,3.9,2.5,1.8,4.0,6.7,9.1,7.1,3.2,12.4,-3.8,9.4,5.5,1.0,0.3,0.1,-4.1,-1.2,0.7,0.4
,               Implicit GDP deflator,1.3,1.9,1.7,2.1,3.6,5.1,5.1,2.5,5.1,0.2,4.1,3.7,1.9,1.8,1.4,0.9,2.4,2.3,1.0
,,,,,,,,,,,,,,,,,,,,
,MONEY AND BANKING  as of end of period (B billion),,,,,,,,,,,,,,,,,,,
,Money supply (M1)l,509.4,567.8,656.3,750.2,829.9,890.2,911.5,999.9,"1,041.2","1,174.6","1,302.4","1,414.3","1,598.3","1,661.3","1,682.5","1,778.1","1,864.2","2,038.9","2,095.2"
,     Currency in circulation,401.7,436.4,495.5,538.9,597.2,630.7,652.9,720.1,752.3,844.0,937.2,"1,036.0","1,136.3","1,188.9","1,200.3","1,251.0","1,336.0","1,437.6","1,504.4"
,     Demand deposits (excluding government deposits),107.7,131.4,160.8,211.3,232.7,259.5,258.6,279.8,288.9,330.6,365.2,378.3,462.0,472.4,482.1,527.1,528.2,601.3,590.7
,Quasi-moneym,"5,694.0","5,993.7","5,990.9","6,312.1","6,641.6","7,036.7","7,661.9","8,109.6","8,903.1","9,442.5","10,476.4","12,145.6","13,368.5","14,400.9","15,126.6","15,776.6","16,431.6","17,174.0","18,013.8"
,Money supply (M2)n,"6,203.4","6,561.5","6,647.2","7,062.3","7,471.4","7,926.9","8,573.4","9,109.5","9,944.3","10,617.0","11,778.8","13,559.9","14,966.8","16,062.2","16,809.0","17,554.6","18,295.7","19,212.9","20,108.9"
,     Foreign assets (net),887.7,"1,215.5","1,632.4","1,851.5","2,099.5","2,388.9","2,947.1","3,594.3","4,132.3","4,569.9","4,883.9","5,426.3","4,942.9","5,007.1","5,040.9","5,873.4","6,131.3","6,361.4","6,693.5"
,     Domestic credit,"5,870.2","5,612.9","6,222.8","7,720.5","8,079.8","8,452.3","8,546.5","8,883.8","9,567.8","10,014.2","11,015.2","12,778.5","14,719.1","15,888.8","16,727.9","17,607.6","18,279.0","19,158.2","20,120.7"
,          Claims on government sector,190.9,264.9,272.0,296.4,261.3,221.7,96.8,132.1,203.8,291.8,155.3,200.9,352.1,234.9,399.3,417.6,364.5,393.6,315.8
,          Claims on private sectoro,"5,323.4","4,966.4","5,602.7","5,946.8","6,616.6","7,144.6","7,468.7","7,826.2","8,513.8","8,725.8","9,801.1","11,468.5","13,144.8","14,403.1","15,081.8","15,925.6","16,598.2","17,363.4","18,380.7"
,          Claims on other financial institutions,…,…,…,"1,116.0",835.8,752.4,665.3,573.9,520.2,624.8,668.4,698.5,845.9,891.8,902.8,954.8,"1,011.5","1,078.7","1,071.6"
,          Claims on state and local government,…,…,…,0.3,0.8,1.8,2.6,3.5,5.1,5.6,18.3,18.4,22.3,24.8,22.1,18.9,17.7,16.3,13.8
,          Claims on public nonfinancial corporations,355.9,381.6,348.1,361.0,365.3,331.8,313.0,348.1,324.9,366.2,372.2,392.2,353.9,334.2,322.0,290.7,287.1,306.2,338.3
,     Other items,-554.5,-266.9,"-1,208.1","-2,509.7","-2,707.9","-2,914.2","-2,920.2","-3,368.6","-3,755.9","-3,967.0","-4,120.2","-4,645.0","-4,695.2","-4,833.6","-4,959.8","-5,926.4","-6,114.6","-6,306.7","-6,705.2"
,,,,,,,,,,,,,,,,,,,,
,,,,,,,,,,,,,,,,,,,,
,               Money Supply (M2)  (% annual change),4.0,5.8,1.3,6.2,5.8,6.1,8.2,6.3,9.2,6.8,10.9,15.1,10.4,7.3,4.7,4.4,4.2,5.0,4.7
,               M2 (% of GDP at current market prices),122.4,122.8,115.2,111.8,107.4,104.1,102.1,100.4,102.4,109.9,109.0,119.9,121.1,124.4,127.0,127.7,125.9,124.3,123.2
,,,,,,,,,,,,,,,,,,,,
,Deposit Money Banks,,,,,,,,,,,,,,,,,,,
,Demand deposits,129.5,144.1,166.3,219.7,259.3,299.7,296.7,357.5,350.3,419.2,460.7,464.7,581.8,590.9,630.7,694.7,672.2,750.2,723.1
,Savings deposits,"1,354.0","1,624.2","1,797.9","2,259.5","2,585.2","2,678.0","2,370.2","2,656.6","2,773.0","3,329.6","3,805.9","4,056.2","4,840.3","5,135.3","5,734.1","6,387.9","6,855.6","7,431.0","7,878.5"
,Time deposits,"3,410.6","3,316.6","3,230.5","2,949.2","2,816.0","3,181.1","3,848.4","3,514.4","3,957.7","3,324.1","3,202.1","3,416.0","4,737.6","5,373.2","5,305.0","4,997.8","4,836.4","4,800.6","4,968.7"
,Domestic credits outstanding,"3,399.6","3,328.3","3,273.1","3,398.9","3,828.1","4,148.0","4,379.5","4,883.0","5,824.2","6,228.3","7,114.8","7,704.0","9,130.5","10,106.5","10,501.1","11,040.7","11,497.0","12,445.4","14,889.9"
,,,,,,,,,,,,,,,,,,,,
,Interest Rates period averages (% per annum) ,,,,,,,,,,,,,,,,,,,
,     On Deposits,,,,,,,,,,,,,,,,,,,
,             Savings ,2.5,1.8,1.5,0.8,0.8,1.9,2.5,0.8,0.8,0.5,0.5,0.9,0.7,0.6,0.8,0.5,0.5,0.5,0.5
,             Time:     6  monthsp,3.0,2.4,1.8,1.0,1.0,2.8,4.1,2.1,1.8,0.7,1.4,2.5,2.1,2.0,1.5,1.3,1.3,1.3,1.3
,                          12 monthsq,3.5,2.9,2.0,1.0,1.0,3.0,4.5,2.3,1.9,0.8,1.6,2.9,2.4,2.3,1.7,1.4,1.4,1.4,1.4
,,,,,,,,,,,,,,,,,,,,
,GOVERNMENT FINANCE  fiscal year ending 30 September (B billion) ,,,,,,,,,,,,,,,,,,,
,General Government,,,,,,,,,,,,,,,,,,,
,Revenue,...,...,"1,015.2","1,250.0","1,381.1","1,621.6","1,700.5","1,788.7","1,953.2","1,842.8","2,223.9","2,411.7","2,518.8","2,861.5","2,821.6","3,034.5","3,122.6","3,225.1","3,501.2*"
,     Taxes,...,...,847.0,997.8,"1,130.7","1,334.3","1,407.1","1,473.3","1,586.7","1,481.8","1,738.1","2,005.9","2,071.4","2,381.4","2,282.3","2,421.7","2,450.1","2,519.9","2,695.7*"
,"          Taxes on income, profits, and capital gains",...,...,279.3,332.6,407.9,491.8,576.7,614.9,712.7,638.4,682.9,852.7,863.3,943.2,881.6,895.2,894.1,893.8,975.0*
,               Payable by individuals,...,...,103.2,111.4,128.7,138.4,159.3,177.2,187.5,177.9,187.7,214.3,241.0,268.0,237.1,268.3,283.0,275.9,281.1*
,               Payable by corporations and other enterprises,...,...,176.1,221.2,279.2,353.4,417.3,437.7,525.3,460.5,495.2,638.5,622.3,675.2,644.4,626.9,611.1,617.8,693.9*
,"               Other taxes on income, profits, and capital gains",...,...,–,–,–,–,–,–,–,–,–,–,–,–,–,–,–,–,–
,          Taxes on payroll and workforce,...,...,–,–,–,–,–,–,–,–,–,–,–,–,–,–,–,–,–
,          Taxes on property,...,...,10.9,11.6,13.2,14.1,16.6,18.3,17.1,28.4,24.7,17.3,22.4,23.7,32.4,33.5,33.8,38.0,38.4*
,          Taxes on goods and services,...,...,455.4,535.6,595.8,698.6,704.2,737.9,747.8,724.6,924.0,"1,023.5","1,056.6","1,288.4","1,247.4","1,374.9","1,406.4","1,478.8","1,567.5*"
,          Taxes on international trade and transaction,...,...,97.5,112.7,107.1,111.5,97.8,91.6,96.5,76.9,92.8,99.4,115.6,110.0,105.5,100.4,97.5,90.6,93.8*
,          Other taxes,...,...,4.0,5.3,6.7,18.4,11.7,10.6,12.6,13.5,13.7,13.1,13.5,16.0,15.4,17.7,18.4,18.7,21.0*
,     Social contributions,...,...,30.2,46.0,62.0,73.3,74.0,79.8,84.9,82.8,132.4,98.3,103.2,103.1,128.2,144.8,145.7,153.5,162.1*
,     Grants,...,...,3.1,2.5,2.2,1.9,1.7,1.7,2.1,2.7,2.1,2.7,1.6,2.2,5.4,1.5,3.0,2.4,2.4*
,     Other revenue,...,...,134.8,203.6,186.2,212.0,217.7,233.8,279.4,275.5,351.3,304.8,342.6,374.8,405.8,466.6,523.8,549.3,641.0*
,Expense,...,...,"1,141.6",915.9,"1,067.8","1,145.7","1,254.4","1,493.2","1,689.8","1,839.5","1,960.6","2,147.9","2,246.5","2,429.3","2,535.7","2,532.0","2,741.1","2,889.1","3,056.9*"
,     Compensation of employees,...,...,327.8,351.4,392.6,465.5,581.1,639.3,693.4,744.5,849.7,891.8,792.5,847.3,859.8,898.4,946.1,964.0,981.9*
,     Use of goods and services,...,...,259.0,296.5,292.8,323.4,342.8,487.1,553.2,649.6,737.5,666.0,708.9,754.6,813.1,829.6,890.8,919.2,"1,013.8*"
,     Consumption of fixed capital,...,...,...,–,–,...,...,...,...,...,...,...,...,102.6,95.0,110.3,125.8,186.2,162.1*
,     Interest,...,...,71.6,67.6,85.1,90.8,112.8,93.3,89.8,97.6,126.2,133.4,142.5,144.1,147.6,136.7,122.2,143.6,165.0*
,     Subsidies,...,...,43.8,46.5,67.7,88.9,26.8,33.6,69.7,42.4,45.2,169.0,162.7,169.7,197.4,151.6,132.5,135.4,133.2*
,     Grants,...,...,3.8,1.6,1.7,0.3,2.1,2.4,1.2,2.2,2.2,2.1,1.8,2.0,2.3,1.9,2.5,1.7,1.8*
,     Social benefits,...,...,83.5,88.1,142.6,102.0,123.5,181.6,199.0,235.7,121.7,120.4,249.6,271.4,283.9,305.0,364.4,389.1,420.3*
,     Other expense,...,...,352.1,63.8,85.0,40.1,30.0,17.3,42.4,20.2,22.8,100.0,117.0,137.7,136.6,98.6,156.8,149.9,178.6*
,Net operating balance,...,...,...,334.1,313.3,...,...,...,...,...,...,...,...,432.2,285.9,502.5,381.5,336.0,444.4*
,Gross operating balance,...,...,-126.4,334.1,313.3,475.9,446.1,295.5,263.4,3.3,263.3,263.8,272.3,534.8,381.0,612.7,507.3,522.2,606.5*
,Transactions in Nonfinancial Assets,,,,,,,,,,,,,,,,,,,
,Net/gross investment in nonfinancial assets,...,...,233.0,212.1,201.4,257.0,279.8,276.0,232.7,284.4,343.0,327.1,373.3,356.6,379.3,483.5,323.8,388.3,396.4*
,     Fixed assets,...,...,...,...,...,...,...,...,...,...,...,...,...,398.7,379.4,483.6,554.2,389.0,397.1*
,     Inventories,...,...,...,...,...,...,...,...,...,...,...,...,...,-0.5,-0.1,-0.2,2.3,-0.7,-0.8*
,     Valuables,...,...,...,...,...,...,...,...,...,...,...,...,...,–,–,–,–,–,–
,     Nonproduced assets,...,...,...,...,...,...,...,...,...,...,...,...,...,-41.7,–,0.0,-232.7,0.0,0.1*
,Expenditure,...,...,"1,374.5","1,127.9","1,269.2","1,402.7","1,534.3","1,769.2","1,922.5","2,123.9","2,303.6","2,475.0","2,619.8","2,785.9","2,915.0","3,015.5","3,064.9","3,277.4","3,453.2*"
,Net lending/Net borrowing,...,...,-359.4,122.0,111.9,218.9,166.2,19.5,30.7,-281.1,-79.7,-63.3,-101.1,75.6,-93.3,19.0,57.7,-52.3,48.0*
,Primary balance,...,...,-287.7,189.6,197.0,309.7,279.0,112.8,120.5,-183.5,46.4,70.1,41.4,219.7,54.3,155.7,179.9,91.3,213.0*
,Transactions in Financial Assets and Liabilities (Financing),,,,,,,,,,,,,,,,,,,
,Net acquisition of financial assets,...,...,31.9,139.9,318.7,255.2,352.3,162.2,93.5,192.8,172.4,277.0,261.6,372.4,121.7,204.7,501.6,522.5,580.8*
,     Domestic,...,...,...,...,...,...,...,...,...,...,...,...,...,372.4,121.7,204.7,501.6,522.5,580.8*
,     External,...,...,...,...,...,...,...,...,...,...,...,...,...,–,–,–,–,–,–
,Net incurrence of liabilities,...,...,391.3,17.9,206.8,36.3,186.1,142.8,62.9,473.9,252.2,340.2,362.7,295.7,209.7,130.9,363.9,486.4,544.5*
,     Domestic,...,...,...,...,...,...,...,...,...,...,...,...,...,152.6,169.6,162.8,320.9,380.2,463.3*
,     External,...,...,...,...,...,...,...,...,...,...,...,...,...,143.1,40.1,-31.9,43.0,106.2,81.3*
,,,,,,,,,,,,,,,,,,,,
,               Government Finance   (% of GDP at current market prices),,,,,,,,,,,,,,,,,,,
,               Revenue,...,...,17.6,19.8,19.9,21.3,20.2,19.7,20.1,19.1,20.6,21.3,20.4,22.2,21.3,22.1,21.5,20.9,21.5*
,               Taxes,...,...,14.7,15.8,16.3,17.5,16.7,16.2,16.3,15.3,16.1,17.7,16.8,18.4,17.3,17.6,16.8,16.3,16.5*
,               Taxes payable by individuals,...,...,1.8,1.8,1.9,1.8,1.9,2.0,1.9,1.8,1.7,1.9,2.0,2.1,1.8,2.0,1.9,1.8,1.7*
,               Taxes payable by corporations and other enterprises,...,...,3.1,3.5,4.0,4.6,5.0,4.8,5.4,4.8,4.6,5.6,5.0,5.2,4.9,4.6,4.2,4.0,4.3*
,               Expenditure,...,...,23.8,17.9,18.3,18.4,18.3,19.5,19.8,22.0,21.3,21.9,21.2,21.6,22.0,21.9,21.1,21.2,21.2*
,               Net lending/Net borrowing,...,...,-6.2,1.9,1.6,2.9,2.0,0.2,0.3,-2.9,-0.7,-0.6,-0.8,0.6,-0.7,0.1,0.4,-0.3,0.3*
,               Primary balance,...,...,-5.0,3.0,2.8,4.1,3.3,1.2,1.2,-1.9,0.4,0.6,0.3,1.7,0.4,1.1,1.2,0.6,1.3*
,,,,,,,,,,,,,,,,,,,,
,"Expenditure by Function, General Government",,,,,,,,,,,,,,,,,,,
,Total expenditure,...,...,"1,374.6","1,127.9","1,269.4","1,402.7","1,534.3","1,769.2","1,922.5","2,123.9","2,303.6","2,540.5","2,619.8","2,785.9","2,915.0","3,015.5","3,064.9","3,277.4","3,453.2*"
,     General public services,...,...,...,...,...,...,...,...,...,...,...,...,...,999.5,"1,059.4","1,019.4","1,109.3","1,097.2","1,101.9*"
,     Defense,...,...,...,...,...,...,...,...,...,...,...,...,...,181.6,176.4,190.4,210.3,204.0,202.8*
,     Public order and safety,,,,,,,,,,,,,,141.8,148.3,172.0,180.5,177.2,190.4*
,     Economic affairs,...,...,...,...,...,...,...,...,...,...,...,...,...,417.6,473.8,508.8,338.4,531.2,570.1*
,     Environmental protection,...,...,...,...,...,...,...,...,...,...,...,...,...,3.2,3.1,4.2,4.8,6.0,7.7*
,     Housing and community amenities,...,...,...,...,...,...,...,...,...,...,...,...,...,72.9,57.0,72.7,81.0,72.7,92.9*
,     Health,...,...,...,...,...,...,...,...,...,...,...,...,...,137.3,140.1,155.6,167.2,184.7,204.2*
,"     Recreation, culture, and religion",...,...,...,...,...,...,...,...,...,...,...,...,...,28.6,27.2,31.9,37.6,46.9,92.9*
,     Education,...,...,...,...,...,...,...,...,...,...,...,...,...,475.7,492.6,516.0,530.5,519.7,500.3*
,     Social protection,...,...,...,...,...,...,...,...,...,...,...,...,...,327.7,337.1,344.5,405.2,437.9,490.1*
,,,,,,,,,,,,,,,,,,,,
,              Expenditure by Function   (% of GDP at current market prices),,,,,,,,,,,,,,,,,,,
,               Health,...,...,...,...,...,...,...,...,...,...,...,...,...,1.1,1.1,1.1,1.1,1.2,1.3*
,               Education,...,...,...,...,...,...,...,...,...,...,...,...,...,3.7,3.7,3.8,3.6,3.4,3.1*
,               Social Protection,...,...,...,...,...,...,...,...,...,...,...,...,...,2.5,2.5,2.5,2.8,2.8,3.0*
,,,,,,,,,,,,,,,,,,,,
,EXTERNAL TRADE calendar year (B billion),,,,,,,,,,,,,,,,,,,
,"Exports, fob","2,773.8","2,884.7","2,923.9","3,325.6","3,873.7","4,438.7","4,937.4","5,302.1","5,851.4","5,194.6","6,113.3","6,708.0","7,078.3","6,990.7","7,359.9","7,331.7","7,560.3","7,974.0","8,148.9"
,"Imports, fob","2,494.1","2,752.3","2,774.8","3,138.8","3,801.1","4,754.0","4,942.9","4,870.2","5,962.5","4,602.0","5,856.6","6,982.7","7,073.4","6,977.2","6,801.0","6,407.0","6,270.8","6,815.8","7,430.3"
,    Trade balance,279.7,132.4,149.1,186.9,72.6,-315.3,-5.6,431.9,-111.1,592.6,256.7,-274.7,4.9,13.5,558.9,924.6,"1,289.5","1,158.3",718.6
,,,,,,,,,,,,,,,,,,,,
,              External Trade   (% annual change),,,,,,,,,,,,,,,,,,,
,               Exports,25.2,4.0,1.4,13.7,16.5,14.6,11.2,7.4,10.4,-11.2,17.7,9.7,5.5,-1.2,5.3,-0.4,3.1,5.5,2.2
,               Imports,30.8,10.4,0.8,13.1,21.1,25.1,4.0,-1.5,22.4,-22.8,27.3,19.2,1.3,-1.4,-2.5,-5.8,-2.1,8.7,9.0
,,,,,,,,,,,,,,,,,,,,
,Direction of Trade   calendar year ($ million),,,,,,,,,,,,,,,,,,,
,"Exports, total","68,963","65,113","68,850","80,322","96,218","110,162","130,561","153,856","175,894","151,901","193,361","220,212","227,355","224,437","224,695","210,685","213,762","235,925","250,137"
,"     1. China, People's Republic of","2,806","2,863","3,553","5,707","7,098","9,105","11,810","14,844","16,029","16,072","21,479","25,969","26,702","26,806","24,825","23,356","23,625","29,447","29,930"
,     2. United States,"14,706","13,246","13,522","13,669","15,492","16,950","19,626","19,449","20,096","16,630","20,243","21,585","22,646","22,587","23,643","23,682","24,334","26,519","27,785"
,     3. Japan,"10,164","9,964","10,000","11,395","13,452","14,979","16,492","18,122","19,879","15,669","20,317","23,613","23,299","21,875","21,479","19,743","20,353","22,023","24,745"
,"     4. Hong Kong, China","3,474","3,298","3,699","4,331","4,924","6,123","7,214","8,695","9,950","9,449","11,257","11,827","13,041","12,982","12,481","11,650","11,402","12,277","12,432"
,     5. Malaysia,"2,813","2,722","2,835","3,887","5,295","5,781","6,656","7,820","9,781","7,640","10,569","12,265","12,351","12,803","12,631","10,027","9,564","10,323","11,535"
,     6. Viet Nam,838,797,947,"1,267","1,873","2,348","3,094","3,803","4,968","4,666","5,846","6,986","6,443","7,065","7,801","8,765","9,357","11,561","12,855"
,     7. Australia,"1,615","1,358","1,640","2,167","2,460","3,151","4,379","5,938","7,896","8,544","9,372","7,917","9,710","10,179","9,201","9,616","10,246","10,484","10,691"
,     8. Singapore,"5,997","5,287","5,554","5,873","7,009","7,641","8,411","9,610","9,999","7,552","9,003","11,301","10,763","11,056","10,338","8,614","8,183","8,275","9,338"
,     9. Indonesia,"1,338","1,366","1,678","2,274","3,207","3,953","3,336","4,819","6,259","4,654","7,347","9,971","11,142","10,702","9,409","7,705","8,126","8,827","9,985"
,     10. Philippines,"1,082","1,156","1,274","1,622","1,828","2,042","2,588","3,012","3,473","3,013","4,888","4,590","4,830","4,954","5,803","5,901","6,355","6,933","7,831"
,,,,,,,,,,,,,,,,,,,,
,"Imports, total","61,923","62,057","64,721","75,824","94,407","118,143","130,605","141,294","179,168","134,734","185,121","229,137","250,453","249,577","227,895","201,790","195,103","223,707","244,847"
,"     1. China, People's Republic of","3,377","3,711","4,928","6,067","8,182","11,153","13,801","16,381","20,149","17,162","24,526","30,553","37,327","37,595","38,528","40,902","42,247","44,701","48,806"
,     2. Japan,"15,315","13,881","14,902","18,267","22,379","26,026","26,034","28,655","33,535","25,210","38,320","42,268","49,030","40,979","35,551","31,126","30,841","32,386","35,077"
,     3. United States,"7,291","7,198","6,197","7,185","7,270","8,724","9,782","9,641","11,501","8,502","10,885","13,501","12,590","14,583","14,598","13,815","12,104","14,957","16,450"
,     4. Malaysia,"3,344","3,078","3,640","4,540","5,549","8,092","8,599","8,702","9,726","8,642","10,857","12,352","13,190","13,238","12,760","11,872","10,847","11,703","12,860"
,     5. United Arab Emirates,"1,766","1,529","1,428","2,039","3,711","5,699","7,219","6,898","11,160","6,720","8,886","14,498","15,753","17,366","12,724","8,134","6,011","7,474","9,644"
,"     6. Korea, Republic of","2,165","2,121","2,527","2,919","3,590","3,888","5,198","5,338","6,857","5,461","8,167","9,234","9,058","9,043","8,560","7,013","7,323","8,081","8,658"
,"     7. Taipei,China","2,895","2,599","2,905","3,229","3,977","4,501","5,175","5,788","6,217","4,835","6,898","7,519","8,262","7,572","7,545","7,502","7,157","8,227","8,873"
,     8. Singapore,"3,416","2,854","2,904","3,270","4,153","5,375","5,760","6,342","7,104","5,761","6,368","7,803","7,883","8,180","7,894","7,141","6,546","7,972","8,525"
,     9. Indonesia,"1,299","1,364","1,559","1,771","2,323","3,130","3,484","4,025","5,420","3,832","5,759","7,403","8,145","8,066","7,290","6,536","6,361","7,380","8,063"
,     10. Saudi Arabia,"1,159","1,349","1,225","1,716","2,324","4,044","4,261","4,618","7,261","4,021","5,892","7,403","8,299","8,479","7,828","4,915","4,816","6,077","6,933"
,,,,,,,,,,,,,,,,,,,,
,BALANCE OF PAYMENTS   calendar year ($ million),,,,,,,,,,,,,,,,,,,
,Current account balance,"9,328","5,114","4,685","4,784","2,767","-7,642","2,315","15,584",931,"22,189","11,486","9,427","-1,698","-4,861","15,224","32,111","48,208","50,211","35,159"
,Balance on goods,"5,466","2,494","2,739","3,759","1,460","3,402","13,670","26,640","17,348","31,202","26,678","12,186",30,40,"17,201","26,798","36,539","34,161","22,348"
,     Exports,"67,889","63,070","66,092","78,105","94,941","109,362","127,941","151,258","175,233","151,764","192,903","221,399","227,655","227,455","226,624","214,046","214,251","235,267","252,156"
,     Imports,"62,423","60,576","63,353","74,346","93,481","105,960","114,272","124,618","157,885","120,562","166,225","209,213","227,625","227,416","209,422","187,248","177,711","201,107","229,808"
,Balance on services,"4,650","4,475","5,007","5,062","5,294","-6,873","-8,002","-7,957","-12,897","-4,225","-6,993","-4,553","4,051","11,374","10,288","19,240","24,281","28,857","28,840"
,     Credit,"13,869","13,024","15,391","15,801","19,050","19,925","24,612","30,114","33,125","30,204","34,340","41,545","49,722","58,776","55,536","61,759","67,793","75,526","84,134"
,     Debit,"9,219","8,549","10,384","10,739","13,756","26,798","32,614","38,071","46,021","34,430","41,333","46,097","45,671","47,403","45,247","42,518","43,511","46,668","55,294"
,Balance on primary income,"-1,373","-2,454","-3,664","-4,978","-6,121","-8,371","-8,046","-8,693","-10,194","-9,927","-14,314","-9,140","-18,241","-26,901","-20,994","-20,622","-19,427","-20,340","-24,030"
,     Credit,"4,234","3,919","3,419","3,152","3,247","2,453","3,333","5,599","4,988","4,334","5,663","6,645","8,057","6,530","7,359","4,896","6,463","8,547","9,045"
,     Debit,"5,607","6,373","7,083","8,130","9,368","10,824","11,379","14,292","15,182","14,261","19,978","15,785","26,299","33,431","28,353","25,518","25,891","28,887","33,075"
,Balance on secondary income,585,599,603,941,"2,134","4,200","4,693","5,594","6,674","5,139","6,116","10,934","12,462","10,627","8,728","6,695","6,814","7,533","8,001"
,     Credit,951,987,980,"1,326","2,483","4,778","5,321","6,279","7,502","7,998","8,812","13,692","15,563","14,180","12,373","10,475","10,585","11,157","11,782"
,     Debit,366,388,377,385,349,578,628,686,828,"2,859","2,696","2,758","3,101","3,554","3,645","3,780","3,771","3,624","3,781"
,Capital account,–,–,...,...,...,...,...,...,...,68,245,-41,234,281,100,0,13,-141,-611
,     Credit,...,...,...,...,...,...,...,...,...,68,245,-41,234,281,100,–,13,–,–
,     Debit,...,...,...,...,...,...,...,...,...,–,–,–,–,–,–,–,–,141,611
,Financial account,"-10,261","-3,474","-1,845","-4,759","3,628","7,857","7,389",-183,"17,289","1,386","23,573","-8,269","12,790","-2,488","-15,955","-16,799","-20,840","-12,429","-21,915"
,     Direct investment,"3,371","4,631","3,164","4,614","5,786","7,664","7,877","7,087","6,222",415,"6,615","-4,702","-1,362","3,814",-766,"3,937","-10,552","-10,586","-7,222"
,     Portfolio investment,-712,-881,"-1,606",-73,"3,071","6,494","4,912","-3,910",159,-429,"4,870","6,163","3,398","-4,766","-12,013","-16,508","-2,798","-2,150","-5,796"
,     Financial derivatives,,,,,,-529,-894,-179,-174,174,130,-610,539,-341,966,903,303,118,148
,     Other investmentr,"-12,920","-7,224","-3,403","-9,300","-5,229","-5,772","-4,507","-3,181","11,082","1,226","11,957","-9,120","10,214","-1,195","-4,141","-5,131","-7,794",188,"-9,045"
,Net errors and omissions,-684,-323,"1,394",118,-660,"5,207","3,038","1,702","6,473",484,"-3,979",97,"-6,061","2,019",-580,"-9,453","-14,536","-11,684","-5,367"
,Overall balance,"-1,617","1,317","4,234",143,"5,735","5,422","12,742","17,102","24,693","24,127","31,324","1,214","5,265","-5,049","-1,210","5,859","12,845","25,957","7,266"
,Reserves and related items,"-1,617","1,317","4,234",143,"5,735","5,422","12,742","17,102","24,693","24,127","31,324","1,214","5,265","-5,049","-1,210","5,859","12,845","25,957","7,266"
,International investment position,"-58,883","-50,702","-44,517","-54,579","-50,966","-53,835","-55,153","-55,069","-13,417","-4,678","-41,869","-41,112","-81,073","-69,645","-97,279","-42,816","-32,356","-41,596","-2,459"
,,,,,,,,,,,,,,,,,,,,
,              Balance of Payments   (% of GDP at current market prices),,,,,,,,,,,,,,,,,,,
,               Exports,53.7,52.4,49.2,51.3,54.9,57.8,57.7,57.5,60.1,53.9,56.6,59.7,57.3,54.1,55.6,53.3,52.0,51.7,49.9
,               Imports,49.4,50.4,47.2,48.8,54.1,56.0,51.5,47.4,54.2,42.8,48.7,56.4,57.3,54.1,51.4,46.7,43.1,44.2,45.5
,               Balance on goods,4.3,2.1,2.0,2.5,0.8,1.8,6.2,10.1,6.0,11.1,7.8,3.3,0.0,0.0,4.2,6.7,8.9,7.5,4.4
,               Current account balance,7.4,4.3,3.5,3.1,1.6,-4.0,1.0,5.9,0.3,7.9,3.4,2.5,-0.4,-1.2,3.7,8.0,11.7,11.0,7.0
,               Overall balance,-1.3,1.1,3.2,0.1,3.3,2.9,5.7,6.5,8.5,8.6,9.2,0.3,1.3,-1.2,-0.3,1.5,3.1,5.7,1.4
,,,,,,,,,,,,,,,,,,,,
,INTERNATIONAL RESERVES   as of end of period ($ million),,,,,,,,,,,,,,,,,,,
,Total,"32,661","33,041","38,915","42,148","49,831","52,065","66,985","87,455","111,008","138,418","172,129","175,124","181,609","167,289","157,108","156,514","171,853","202,562","205,641"
,"     Gold, national valuation",645,686,869,"1,071","1,167","1,374","1,693","2,234","2,347","2,935","4,599","7,735","8,282","5,961","5,854","5,248","5,696","6,442","6,345"
,     Foreign exchange,"31,933","32,350","38,042","40,965","48,498","50,502","65,147","85,110","108,317","133,599","165,656","165,200","171,106","159,022","149,064","149,291","164,148","194,048","197,031"
,     Reserve position in the IMF,0,0,0,111,165,188,143,111,213,361,377,695,725,806,777,624,698,681,900
,     SDRs,83,5,4,0,1,1,1,0,131,"1,523","1,497","1,494","1,497","1,500","1,412","1,351","1,311","1,392","1,366"
,,,,,,,,,,,,,,,,,,,,
,EXCHANGE RATES   (B–$),,,,,,,,,,,,,,,,,,,
,End of period,43.27,44.22,43.15,39.59,39.06,41.03,36.05,33.72,34.90,33.32,30.15,31.69,30.63,32.81,32.96,36.09,35.83,32.68,32.45
,Average of period,40.11,44.43,42.96,41.48,40.22,40.22,37.88,34.52,33.31,34.29,31.69,30.49,31.08,30.73,32.48,34.25,35.30,33.94,32.31
,,,,,,,,,,,,,,,,,,,,
,EXTERNAL INDEBTEDNESS    as of end of year ($ million),,,,,,,,,,,,,,,,,,,
,Total debt outstanding and disbursed,"79,830","67,297","62,922","58,453","58,417","58,467","62,493","62,779","66,619","80,824","106,358","109,943","134,257","137,353","135,292","129,654","121,497","129,765",…
,     Long-term debt,"61,778","52,286","50,497","47,371","46,797","42,332","44,554","44,350","46,033","46,019","54,207","61,165","74,585","73,963","77,801","77,054","67,403","69,986",…
,          Public and publicly guaranteed,"29,462","26,218","22,534","17,712","14,911","12,602","10,687","8,941","9,859","10,668","15,929","20,456","26,542","25,827","25,228","22,420","23,192","24,458",…
,          Private nonguaranteed,"32,316","26,069","27,963","29,660","31,887","29,730","33,867","35,410","36,174","35,351","38,278","40,710","48,043","48,136","52,573","54,635","44,211","45,528",…
,     Short-term debt,"14,880","13,223","11,919","10,956","11,488","16,014","17,812","18,295","20,455","33,284","50,657","47,288","58,181","61,896","56,085","51,255","52,790","58,397",…
,     Use of IMF credit,"3,172","1,787",506,126,131,121,127,134,130,"1,521","1,494","1,490","1,491","1,494","1,406","1,345","1,304","1,382",…
,,,,,,,,,,,,,,,,,,,,
,               External debt   (% of GNI),64.4,57.6,48.6,40.0,35.3,32.3,29.3,24.7,23.7,29.7,32.5,30.4,35.4,34.9,35.0,34.1,31.0,29.8,…
,               Total long-term debt   (% of total debt),77.4,77.7,80.3,81.0,80.1,72.4,71.3,70.6,69.1,56.9,51.0,55.6,55.6,53.8,57.5,59.4,55.5,53.9,…
,               Short-term debt   (% of total debt),18.6,19.6,18.9,18.7,19.7,27.4,28.5,29.1,30.7,41.2,47.6,43.0,43.3,45.1,41.5,39.5,43.4,45.0,…
,               Debt service   (% of exports of goods and services),16.3,25.4,23.2,15.5,11.0,13.7,9.4,11.8,8.0,6.8,4.7,3.9,5.4,4.4,5.2,6.9,5.0,4.7,…
,,,,,,,,,,,,,,,,,,,,
,Debt service    transactions during the year ($ million),,,,,,,,,,,,,,,,,,,
,     Principal repayments on long-term debt,"8,961","15,720","15,811","12,559","11,213","16,464","12,794","20,333","15,417","11,313","9,386","8,815","13,316","11,054","12,937","17,304","12,332","13,002","15,625"
,     Interest on long-term debt,"3,777","2,617","2,099","1,729","1,284","1,074","1,093",883,"1,092","1,086","1,076","1,176","1,354","1,213","1,473","1,466","1,457","1,479","2,225"
,     Interest on short-term debt,905,562,419,382,384,503,761,789,470,321,499,486,666,616,564,510,520,575,…
,,,,,,,,,,,,,,,,,,,,
,Average terms of new commitments ,,,,,,,,,,,,,,,,,,,
,     Interest rate   (% per annum),1.5,2.1,2.2,1.9,1.7,3.3,5.4,2.0,1.5,1.5,1.9,1.9,1.9,–,–,4.0,0.3,1.8,…
,     Maturity   (years),29.0,6.9,24.9,6.6,3.0,13.6,5.8,17.2,15.5,21.3,19.3,19.7,20.1,–,–,19.9,14.8,5.0,…
,     Grace period   (years),6.8,3.6,4.6,3.6,3.0,9.1,2.2,5.2,11.4,13.7,17.3,19.0,18.5,–,–,5.9,4.8,5.0,…
,     Grant element   (%),59.8,28.5,45.3,28.5,20.7,35.4,14.4,50.4,54.9,64.8,64.8,66.6,67.3,–,–,40.4,57.4,31.1,…
,,,,,,,,,,,,,,,,,,,,
,,,,,,,,,,,,,,,,,,,,
"… = data not available; | = marks break in series;  0 or 0.0 = magnitude is less than half of unit employed; – = magnitude equals zero; * = provisional, preliminary, estimate; $ = United States dollars; B = baht; fob = freight on board;  GDP = gross domestic product; GNI = gross national income; IMF = International Monetary Fund;  km2 = square kilometer; kWh = kilowatt-hour; L = liter; NPISHs = nonprofit institutions serving households; scf = standard cubic foot; SDRs = special drawing rights;  t = metric ton.",,,,,,,,,,,,,,,,,,,,
a,"Labor force refers to the population aged 15 years and over, and includes seasonally inactive labor force. Data refer to the average of the four labor force survey rounds. Prior to 2011, the survey used the classification suitable to Thailand's industries based on the International Standard Industrial Classification. From 2011 onward, the labor force survey used the third revision of the Thailand Standard Industrial Classification (2009 TSIC).",,,,,,,,,,,,,,,,,,,
b,Refers to hotels and restaurants.,,,,,,,,,,,,,,,,,,,
c,"Includes all industries other than those named, and is derived as residual.",,,,,,,,,,,,,,,,,,,
d,"Includes mining and quarrying; manufacturing; electricity, gas, steam, and air-conditioning supply; water supply; and sewerage, waste management, and remediation activities.",,,,,,,,,,,,,,,,,,,
e,Includes construction.,,,,,,,,,,,,,,,,,,,
f,"Chain volume series are not additive. Thus, the sum of the components will not add up to the total.",,,,,,,,,,,,,,,,,,,
g,Includes NPISHs.,,,,,,,,,,,,,,,,,,,
h,Derived from balance-of-payments data.,,,,,,,,,,,,,,,,,,,
i,Data were converted from barrel per day to metric tons using a conversion factor of 1 barrel per day equals 0.049326 metric tons.,,,,,,,,,,,,,,,,,,,
j,"Starting July 2010, premium gasoline was no longer available in Thailand. For 2010 onward, data pertain to Gasohol 95.",,,,,,,,,,,,,,,,,,,
k,Includes miscellaneous goods and services.,,,,,,,,,,,,,,,,,,,
l,"For 2003 onward, refers to narrow money.",,,,,,,,,,,,,,,,,,,
m,Includes other deposits at depository corporation; and securities other than shares.,,,,,,,,,,,,,,,,,,,
n,"For 2003 onward, refers to broad money.",,,,,,,,,,,,,,,,,,,
o,Refers to claims on nonfinancial public enterprises and claims on business and household sectors until 2002.,,,,,,,,,,,,,,,,,,,
p,"For 2001, actual range of rates (in percentages) is 2.25%–2.50%.",,,,,,,,,,,,,,,,,,,
q,"For 2001, actual range of rates (in percentages) is 2.75%–3.00%.",,,,,,,,,,,,,,,,,,,
r,"For 2000–2004, includes financial derivatives.",,,,,,,,,,,,,,,,,,,
,,,,,,,,,,,,,,,,,,,,
,Sources:,,,,,,,,,,,,,,,,,,,
,,,,,,,,,,,,,,,,,,,,
,Population,"Government of Thailand, National Economic and Social Development Board (NESDB). Official communication, 7 May 2019; past communication.",,,,,,,,,,,,,,,,,,
,,,,,,,,,,,,,,,,,,,,
,Labor Force,"Government of Thailand, National Statistics Office. Official communication, 25 April 2019; past communication.",,,,,,,,,,,,,,,,,,
,,,,,,,,,,,,,,,,,,,,
,National Accounts,"NESDB. Official communication, 21 May 2019; past communication.",,,,,,,,,,,,,,,,,,
,,,,,,,,,,,,,,,,,,,,
,Production Indexes,,,,,,,,,,,,,,,,,,,
,,,,,,,,,,,,,,,,,,,,
,    Agriculture,For 2000–2004: Food and Agriculture Organization of the United Nations. FAOSTAT. http://www.fao.org/faostat/en/#home (accessed 9 July 2019).,,,,,,,,,,,,,,,,,,
,,"For 2005–2018: Bank of Thailand (BOT). Official communication, 5 April 2019.",,,,,,,,,,,,,,,,,,
,,,,,,,,,,,,,,,,,,,,
,    Mining,"BOT. Official communication, 5 April 2019; past communication.",,,,,,,,,,,,,,,,,,
,    Manufacturing,,,,,,,,,,,,,,,,,,,
,,,,,,,,,,,,,,,,,,,,
,Energy,"Government of Thailand, Ministry of Energy. http://www.eppo.go.th/index.php/en/ (accessed 30 May 2019).",,,,,,,,,,,,,,,,,,
,,,,,,,,,,,,,,,,,,,,
,Price Indexes,"BOT. Official communication, 5 April 2019; past communication. ",,,,,,,,,,,,,,,,,,
,,,,,,,,,,,,,,,,,,,,
,Money and Banking,"BOT. Official communication, 5 April 2019; past communication. ",,,,,,,,,,,,,,,,,,
,,,,,,,,,,,,,,,,,,,,
,Government Finance,"Government of Thailand, Ministry of Finance. Official communication, 5 June 2019.",,,,,,,,,,,,,,,,,,
,,,,,,,,,,,,,,,,,,,,
,External Trade,"BOT. Official communication, 5 April 2019; past communication. ",,,,,,,,,,,,,,,,,,
,,,,,,,,,,,,,,,,,,,,
,Direction of Trade,International Monetary Fund (IMF). International Financial Statistics. http://data.imf.org/ (accessed 20 May 2019).,,,,,,,,,,,,,,,,,,
,,,,,,,,,,,,,,,,,,,,
,Balance of Payments,"BOT. Official communication, 5 April 2019; past communication. ",,,,,,,,,,,,,,,,,,
,,,,,,,,,,,,,,,,,,,,
,International Reserves,IMF. International Financial Statistics. http://data.imf.org/ (accessed 27 March 2019).,,,,,,,,,,,,,,,,,,
,,,,,,,,,,,,,,,,,,,,
,Exchange Rates,IMF. International Financial Statistics. http://data.imf.org/ (accessed 27 March 2019).,,,,,,,,,,,,,,,,,,
,,,,,,,,,,,,,,,,,,,,
,External Indebtedness,"World Bank. World Development Indicators. https://data.worldbank.org/indicator (accessed 4 April 2019).
",,,,,,,,,,,,,,,,,,
