FIJI,,,,,,,,,,,,,,,,,,,,,,,,,,,,,,,
,,,,,,,,,,,,,,,,,,,,,,,,,,,,,,,
Asian Development Bank (ADB),,,,,,,,,,,,,,,,,,,,,,,,,,,,,,,
Key Indicators for Asia and the Pacific 2019,,,,,,,,,,,,,,,,,,,,,,,,,,,,,,,
www.adb.org/statistics,,,,,,,,,,,,,,,,,,,,,,,,,,,,,,,
,,,,,,,,,,,,,,,,,,,,,,,,,,,,,,,
,,2000,2001,2002,2003,2004,2005,2006,2007,2008,2009,2010,2011,2012,2013,2014,2015,2016,2017,2018,,,,,,,,,,,
,POPULATION ,,,,,,,,,,,,,,,,,,,,,,,,,,,,,,
,Total population    as of 1 July  ('000),802.0,805.0,810.0,816.0,821.0,827.0,830.0,834.5,841.4,845.5,850.7,854.3,858.0,862.1,865.7,869.5,873.2,884.9,886.2,,,,,,,,,,,
,Population density  (persons/km2),44,44,44,45,45,45,45,46,46,46,46,46,47,47,47,48,48,48,48,,,,,,,,,,,
,Population   (% annual change),0.6,0.4,0.6,0.7,0.6,0.7,0.4,0.5,0.8,0.5,0.6,0.4,0.4,0.5,0.4,0.4,0.4,0.6,0.6,,,,,,,,,,,
,Urban population (% of total population),47.9,48.3,48.7,49.1,49.5,49.9,50.3,50.7,51.1,51.7,52.2,52.7,53.2,53.7,54.2,54.7,55.2,56.9,56.9,,,,,,,,,,,
,,,,,,,,,,,,,,,,,,,,,,,,,,,,,,,
,LABOR FORCE  calendar year ('000),308.0,310.6,313.3,315.9,318.6,321.3,324.6,327.0,329.8,332.6,334.9,336.9,337.9,339.4 |,367.2,...,346.2,356.7,...,,,,,,,,,,,
,Employeda,115.8,114.0,114.5,119.9,122.0,125.2,134.9,126.7,130.3,125.1,126.6,131.6,...,… |,344.3,...,327.1,340.7,...,,,,,,,,,,,
,"     Agriculture, forestry, and fishing",1.8,1.7,1.7,1.7,1.6,1.4,1.6,1.3,1.7,1.3,2.2,2.3,...,… |,140.5,...,62.8,...,...,,,,,,,,,,,
,     Mining and quarrying,1.7,35.5,35.8,1.9,2.4,1.9,2.2,0.2,39.5,2.6,0.9,1.5,...,… |,1.7,...,2.1,...,...,,,,,,,,,,,
,     Manufacturing,28.5,,,25.5,25.0,25.5,27.2,22.1,,21.8,20.9,21.0,...,… |,23.4,...,17.9,...,...,,,,,,,,,,,
,"     Electricity, gas, steam, and air-conditioning supply; water supply; 
          sewerage, waste management, and remediation activities",2.6,,,2.3,2.2,2.7,2.3,2.3,,2.1,2.1,2.7,...,… |,1.0,...,2.8,...,...,,,,,,,,,,,
,     Construction,2.7,,,6.4,7.2,8.5,9.3,8.6,,7.4,6.4,6.1,...,… |,16.9,...,24.3,...,...,,,,,,,,,,,
,     Wholesale and retail trade; repair of motor vehicles and motorcycles,22.1,76.8,77.0,25.8,26.7,27.2,30.2,31.0,89.1,29.6,20.7,21.4,...,… |,41.7,...,56.7,...,...,,,,,,,,,,,
,     Accommodation and food service activities,,,,,,,,,,,13.5,13.6,...,… |,19.6,...,14.6,...,...,,,,,,,,,,,
,     Transportation and storage,11.3,,,10.7,9.9,9.2,10.8,9.8,,10.5,8.2,8.7,...,… |,18.6,...,21.3,...,...,,,,,,,,,,,
,     Information and communication,,,,,,,,,,,2.2,2.7,...,… |,3.4,...,1.2,...,...,,,,,,,,,,,
,     Finance and insurance activities,5.7,,,7.8,8.1,7.8,9.4,8.5,,8.8,3.8,3.7,...,… |,4.5,...,4.0,...,...,,,,,,,,,,,
,     Real estate activities,,,,,,,,,,,1.0,1.1,...,… |,1.7,...,...,...,...,,,,,,,,,,,
,     Others,39.3,,,37.9,39.0,41.0,41.9,43.0,,41.0,44.7,46.9,...,… |,69.9,...,119.3,...,...,,,,,,,,,,,
,Unemployed,26.0,30.6,29.3,21.5,23.1,24.7,26.8,28.0,28.3,28.9,29.8,30.4,30.4,30.4 |,22.9,...,19.1,16.0,...,,,,,,,,,,,
,Unemployment rate  (%),8.4,9.9,9.3,6.8,7.2,7.7,8.3,8.6,8.6,8.7,8.9,9.0,9.0,8.9 |,6.2,...,5.5,4.5,...,,,,,,,,,,,
,Labor force   (% annual change),0.8,0.8,0.8,0.9,0.8,0.8,1.0,0.7,0.8,0.9,0.7,0.6,0.3,0.4 |,8.2,...,...,3.0,...,,,,,,,,,,,
,Labor force participation rate   (%),…,…,…,…,…,…,…,…,…,…,…,…,…,…,55.2,…,58.3,57.1,...,,,,,,,,,,,
,     Male,…,…,…,…,…,…,…,…,…,…,…,…,…,…,72.0,…,77.9,76.4,...,,,,,,,,,,,
,     Female,…,…,…,…,…,…,…,…,…,…,…,…,…,…,37.7,…,39.1,37.4,...,,,,,,,,,,,
,,,,,,,,,,,,,,,,,,,,,,,,,,,,,,,
,NATIONAL ACCOUNTS   calendar year (F$ million),,,,,,,,,,,,,,,,,,,,,,,,,,,,,,
,At Current Prices,,,,,,,,,,,,,,,,,,,,,,,,,,,,,,
,GDP by industrial originb at current market prices,"3,572.3","3,762.0","4,009.2","4,361.2","4,693.1 |","5,040.0","5,325.7","5,440.1 |","5,614.9","5,614.1","6,024.4","6,768.5","7,109.5","7,715.7","9,167.0","9,822.1","10,320.0","10,893.3",...,,,,,,,,,,,
,"     Agriculture, forestry, and fishing",535.4,489.5,533.7,545.8,579.5 |,608.5,653.7,679.1 |,600.7,565.4,557.2,623.9,687.9,780.3,742.4,773.2,"1,101.3","1,131.1",...,,,,,,,,,,,
,     Mining and quarrying,29.7,29.3,32.3,35.8,46.3 |,16.6,9.7,-9.2 |,19.9,44.7,64.1,90.0,87.8,58.7,64.2,69.1,83.9,73.2,...,,,,,,,,,,,
,     Manufacturing,438.4,515.1,519.2,511.3,598.7 |,615.7,682.1,675.0 |,682.5,695.1,745.0,807.1,822.0,892.4,976.7,"1,030.9","1,129.0","1,176.4",...,,,,,,,,,,,
,"     Electricity, gas, steam, and air-conditioning supply",92.0,98.0,102.0,106.2,111.6 |,59.1,36.2,54.4 |,44.2,54.4,81.4,109.3,115.0,115.7,74.3,104.8,146.7,161.1,...,,,,,,,,,,,
,"     Water supply; sewerage, waste management, and remediation activities",,,,,,,,9.6 |,10.4,10.4,10.6,18.5,19.2,19.6,49.5,51.5,52.2,56.3,...,,,,,,,,,,,
,     Construction,139.6,133.5,144.3,160.3,170.9 |,137.8,143.7,131.7 |,146.2,144.2,155.4,153.7,144.8,174.1,211.6,233.8,261.0,283.0,...,,,,,,,,,,,
,     Wholesale and retail trade; repair of motor vehicles and motorcycles,495.5,538.3,590.2,639.3,788.5 |,732.4,719.6,595.3 |,623.8,610.0,642.2,669.2,701.0,754.9,812.5,824.9,878.4,907.3,...,,,,,,,,,,,
,     Accommodation and food service activities,,,,,,,,189.2 |,265.8,260.6,322.6,369.5,402.3,434.6,451.0,490.8,464.3,510.7,...,,,,,,,,,,,
,     Transportation and storage,497.9,549.1,574.4,639.7,625.4 |,648.4,685.9,385.5 |,271.2,228.1,295.7,359.3,381.2,463.7,571.1,675.7,721.8,727.2,...,,,,,,,,,,,
,     Information and communications,,,,,,,,298.3 |,276.6,365.7,349.4,340.7,355.2,366.5,385.8,430.7,479.7,497.9,...,,,,,,,,,,,
,     Financial and insurance activities,414.6,441.6,443.2,429.6,443.7 |,743.1,729.8,458.0 |,582.5,563.2,573.4,528.7,528.4,558.0,737.7,747.2,735.2,776.0,...,,,,,,,,,,,
,     Real estate activities,,,,,,,,428.5 |,274.4,277.9,282.6,287.5,291.5,296.2,288.9,297.0,301.2,337.0,...,,,,,,,,,,,
,"     Professional, scientific, and technical activities",,,,,,,,,95.4,97.3,104.5,128.0,138.8,150.7,171.3,176.7,185.9,185.7,...,,,,,,,,,,,
,     Administrative and support service activities,,,,,,,,,99.8,99.7,110.2,132.9,138.9,135.6,143.7,158.5,165.8,168.2,...,,,,,,,,,,,
,     Public administration and defense; compulsory social security,597.6,620.0,661.0,738.3,754.1 |,766.0,884.3,271.3 |,300.9,317.9,300.4,437.4,464.1,511.2,678.9,741.2,760.6,810.9,...,,,,,,,,,,,
,     Education,,,,,,,,252.0 |,228.8,230.7,234.1,409.6,443.5,431.0,550.8,585.4,611.5,641.5,...,,,,,,,,,,,
,     Human health and social work activities,,,,,,,,98.9 |,81.8,91.0,92.6,138.0,145.6,152.4,184.6,197.9,191.3,186.5,...,,,,,,,,,,,
,"     Arts, entertainment, and recreation ",,,,,,,,131.1 |,16.7,19.4,20.0,21.6,23.0,24.2,27.3,27.7,32.5,32.5,...,,,,,,,,,,,
,     Other service activities,–,–,–,–,– |,–,–,– |,109.1,110.3,109.5,113.9,109.7,109.3,88.0,91.5,97.0,97.2,...,,,,,,,,,,,
,"     Activities of households as employers; undifferentiated goods- 
          and services-producing activities of households for own use",…,…,…,…,…,…,…,…,…,…,…,…,…,…,…,…,…,...,...,,,,,,,,,,,
,     Activities of extraterritorial organizations and bodies,…,…,…,…,…,…,…,…,…,…,…,…,…,…,…,…,…,...,...,,,,,,,,,,,
,Less: Imputed bank service charges,102.5,118.3,116.3,109.4,129.3 |,–,–,– |,–,–,–,–,–,–,–,–,...,...,...,,,,,,,,,,,
,Taxes less subsidies on production and imports,434.1,465.9,525.2,664.3,703.7 |,712.7,780.7,791.7 |,884.3,828.1,973.4,"1,029.7","1,109.5","1,286.7","1,956.7","2,113.7","1,920.6","2,133.6",...,,,,,,,,,,,
,Gross value added at current factor cost | basic prices,"3,138.2","3,296.1","3,484.0","3,696.9","3,989.4 |","4,327.3","4,545.0","4,648.6 |","4,730.6","4,786.0","5,051.0","5,738.8","6,000.0","6,429.0","7,210.3","7,708.4","8,399.4","8,759.7",...,,,,,,,,,,,
,Net factor income from abroad,38.1,-37.7,10.8,-19.7,-18.1 |,-105.8,-190.1,-149.9 |,-138.8,-22.4,-186.8,-204.6,-262.5,-150.9,-425.4,-430.7,-438.3,-675.0,...,,,,,,,,,,,
,GNI at current market price,"3,610.4","3,724.3","4,020.0","4,341.5","4,675.0 |","4,934.2","5,135.6","5,290.2 |","5,476.1","5,591.7","5,837.6","6,563.9","6,847.0","7,564.8","8,741.6","9,391.4","9,881.7","10,218.3",...,,,,,,,,,,,
,,,,,,,,,,,,,,,,,,,,,,,,,,,,,,,
,               Structure of Outputc   (% of GDP at basic prices),,,,,,,,,,,,,,,,,,,,,,,,,,,,,,
,               Agriculture,16.5,14.3,14.8,14.3,14.1,14.1,14.4,14.6,12.7,11.8,11.0,10.9,11.5,12.1,10.3,10.0,13.1,12.9,...,,,,,,,,,,,
,               Industry,21.6,22.7,22.2,21.4,22.5,19.2,19.2,18.5,19.1,19.8,20.9,20.5,19.8,19.6,19.1,19.3,19.9,20.0,...,,,,,,,,,,,
,               Services,61.9,62.9,63.0,64.3,63.4,66.8,66.4,66.9,68.2,68.4,68.1,68.6,68.7,68.3,70.6,70.6,67.0,67.1,...,,,,,,,,,,,
,,,,,,,,,,,,,,,,,,,,,,,,,,,,,,,
,Expenditure on GDP at current market prices,"3,572.3","3,762.0","4,009.2","4,361.2","4,693.1","5,040.0","5,325.7","5,440.1","5,614.9","5,614.1","6,024.4","6,768.5","7,109.6","7,715.7","8,462.5","9,150.3","9,582.2","10,073.3",...,,,,,,,,,,,
,     Final consumption expenditure,"2,659.5","2,755.2","2,806.3","2,973.6","3,057.9","4,682.2","5,054.0","4,885.7","5,240.1","5,187.0","5,259.7","5,747.6","6,099.4","6,555.9","7,160.3","7,589.3","8,429.4","8,703.8",...,,,,,,,,,,,
,          Household final consumption,"2,041.6","2,096.8","2,126.5","2,242.4","2,319.0","3,696.3","3,884.9","3,840.6","4,224.4","4,124.1","4,234.8","4,370.8","4,548.8","4,858.3","5,194.0","5,472.7","6,240.8","6,419.0",...,,,,,,,,,,,
,          NPISHs final consumption,,,,,,182.6,180.0,110.5,138.3,113.2,122.7,204.3,219.1,236.4,266.6,277.1,287.0,295.3,...,,,,,,,,,,,
,          Government final consumption,617.9,658.4,679.8,731.2,738.9,803.3,989.1,934.5,877.4,949.6,902.3,"1,172.4","1,331.5","1,461.2","1,699.7","1,839.5","1,901.7","1,989.5",...,,,,,,,,,,,
,     Gross capital formation,618.8,609.6,795.8,965.7,904.3,"1,060.5",993.2,849.3,"1,315.2","1,067.7","1,128.9","1,421.2","1,228.0","2,132.1","1,622.2","1,931.5","1,845.1","1,969.4",...,,,,,,,,,,,
,          Gross fixed capital formation,551.1,577.7,772.1,940.5,873.2,989.3,912.3,726.9,"1,171.3",909.3,956.9,"1,223.5","1,061.2","2,004.0","1,489.1","1,722.0","1,720.0","1,969.4",...,,,,,,,,,,,
,               Public,…,…,…,…,…,…,…,…,…,…,…,…,…,…,…,…,…,...,...,,,,,,,,,,,
,               Private,…,…,…,…,…,…,…,…,…,…,…,…,…,…,…,…,…,...,...,,,,,,,,,,,
,          Changes in inventories,67.7,31.9,23.7,25.2,31.1,71.2,80.9,122.4,143.9,158.4,172.0,197.7,166.8,128.1,133.1,209.5,125.1,–,...,,,,,,,,,,,
,          Acquisitions less disposals of valuables,...,...,...,...,...,...,...,...,...,...,...,...,...,...,...,...,…,...,...,,,,,,,,,,,
,     Exports of goods and services,"2,335.8","2,293.1","2,477.7","2,628.5","2,543.7","2,725.0","2,667.2","2,644.0","3,207.5","2,775.4","3,460.1","4,012.4","4,344.7","4,388.2","4,801.7","4,802.2","4,837.3","5,116.8",...,,,,,,,,,,,
,               Export of goods,…,…,…,…,…,…,…,…,…,…,…,…,…,…,"2,279.6","2,038.6","1,939.3","2,052.1",...,,,,,,,,,,,
,               Export of services,…,…,…,…,…,…,…,…,…,…,…,…,…,…,"2,522.1","2,763.6","2,898.0","3,064.7",...,,,,,,,,,,,
,     Less: Imports of goods and services,"2,518.8","2,597.4","2,576.0","2,996.4","3,328.4","3,209.1","3,619.7","3,361.3","4,147.9","3,336.6","3,843.2","4,412.8","4,562.5","5,360.5","5,360.7","5,142.1","5,234.3","5,651.4",...,,,,,,,,,,,
,               Imports of goods at current prices,…,…,…,…,…,…,…,…,…,…,…,…,…,…,"4,221.4","3,951.0","4,028.6","4,303.9",...,,,,,,,,,,,
,               Imports of services at current prices,…,…,…,…,…,…,…,…,…,…,…,…,…,…,"1,139.3","1,191.1","1,205.7","1,347.5",...,,,,,,,,,,,
,     Statistical discrepancy,477.0,701.5,505.3,789.8,"1,515.6",-218.5,231.0,422.4,–,-79.4,18.9,–,–,–,239.0,-30.6,-295.4,-65.2,...,,,,,,,,,,,
,,,,,,,,,,,,,,,,,,,,,,,,,,,,,,,
,               Structure of Demand   (% of GDP at current market prices),,,,,,,,,,,,,,,,,,,,,,,,,,,,,,
,               Household final consumptiond,57.2,55.7,53.0,51.4,49.4,73.3,72.9,70.6,75.2,73.5,70.3,64.6,64.0,63.0,61.4,59.8,65.1,63.7,...,,,,,,,,,,,
,               Government final consumption,17.3,17.5,17.0,16.8,15.7,15.9,18.6,17.2,15.6,16.9,15.0,17.3,18.7,18.9,20.1,20.1,19.8,19.8,...,,,,,,,,,,,
,               Gross capital formation,17.3,16.2,19.8,22.1,19.3,21.0,18.6,15.6,23.4,19.0,18.7,21.0,17.3,27.6,19.2,21.1,19.3,19.6,...,,,,,,,,,,,
,                    Changes in inventories,1.9,0.8,0.6,0.6,0.7,1.4,1.5,2.2,2.6,2.8,2.9,2.9,2.3,1.7,1.6,2.3,1.3,–,...,,,,,,,,,,,
,               Exports of goods and services,65.4,61.0,61.8,60.3,54.2,54.1,50.1,48.6,57.1,49.4,57.4,59.3,61.1,56.9,56.7,52.5,50.5,50.8,...,,,,,,,,,,,
,               Imports of goods and services,70.5,69.0,64.3,68.7,70.9,63.7,68.0,61.8,73.9,59.4,63.8,65.2,64.2,69.5,63.3,56.2,54.6,56.1,...,,,,,,,,,,,
,               Statistical discrepancy,13.4,18.6,12.6,18.1,32.3,-4.3,4.3,7.8,–,-1.4,0.3,–,–,–,2.8,-0.3,-3.1,-0.6,...,,,,,,,,,,,
,,,,,,,,,,,,,,,,,,,,,,,,,,,,,,,
,At Constant Prices,,,,,,,,,,,,,,,,,,,,,,,,,,,,,,
,GDP by industrial origine  at 1995 | 2005 | 2008 | 2011 | 2014 market prices,...,...,...,...,... ,...,...,...,...,...,...,…,…,…," 9,167.0 "," 9,594.6 "," 9,848.4 "," 10,358.5 ",...,,,,,,,,,,,
,"     Agriculture, forestry, and fishing",460.5,434.5,454.8,434.6,457.2 |,608.5,638.9,607.1 |,600.7,552.1,537.4 |,623.9,611.7,653.0 |, 742.4 , 764.1 , 681.6 , 738.0 ,...,,,,,,,,,,,
,     Mining and quarrying,40.8,41.6,40.1,37.8,43.4 |,16.6,9.5,-5.4 |,19.9,38.0,46.3 |,90.0,84.8,58.4 |, 64.2 , 74.7 , 81.1 , 61.1 ,...,,,,,,,,,,,
,     Manufacturing,399.0,448.4,451.8,447.0,504.4 |,615.7,658.9,619.3 |,682.5,673.2,705.2 |,807.1,791.6,838.2 |, 976.7 ," 1,034.1 "," 1,099.1 "," 1,127.4 ",...,,,,,,,,,,,
,"     Electricity, gas, steam, and air-conditioning supply",88.1,94.0,98.2,102.1,104.7 |,59.1,32.0,57.4 |,44.2,51.0,60.2 |,109.3,114.1,121.1 |, 74.3 , 91.8 , 109.8 , 147.0 ,...,,,,,,,,,,,
,"     Water supply; sewerage, waste management, and remediation activities",5.8,6.1,6.3,6.5,8.2 |,,,,10.4,10.4,10.6 |,18.5,19.2,19.6 |, 49.5 , 50.4 , 50.6 , 54.3 ,...,,,,,,,,,,,
,     Construction ,125.2,116.6,126.3,135.0,140.8 |,137.8,134.3,120.4 |,146.2,140.0,150.0 |,153.7,142.4,165.7 |, 211.6 , 220.1 , 242.3 , 262.6 ,...,,,,,,,,,,,
,     Wholesale and retail trade; repair of motor vehicles and motorcyclesf,315.9,340.8,332.0,338.3,376.3 |,548.1,516.8,542.2 |,623.8,589.1,595.2 |,669.2,674.6,696.4 |, 812.5 , 842.0 , 917.0 , 932.0 ,...,,,,,,,,,,,
,     Accommodation and food services activities,111.1,120.0,130.5,134.7,156.9 |,184.3,166.0,191.1 |,265.8,250.4,270.7 |,369.5,370.6,380.4 |, 451.0 , 475.4 , 428.8 , 451.8 ,...,,,,,,,,,,,
,     Transportation and storage,247.8,247.0,272.1,280.7,286.3 |,648.4,666.6,659.5 |,271.2,220.4,269.4 |,359.3,388.9,451.2 |, 571.1 , 542.4 , 490.0 , 532.5 ,...,,,,,,,,,,,
,     Information and communication,116.7,108.0,113.0,117.1,104.3 |,,,,276.6,365.3,354.7 |,340.7,347.1,357.3 |, 385.8 , 426.9 , 464.0 , 476.3 ,...,,,,,,,,,,,
,     Financial and insurance activities,159.5,201.7,201.2,154.4,162.4 |,341.6,314.1,440.8 |,582.5,547.7,557.1 |,528.7,527.5,557.3 |, 737.7 , 742.8 , 728.3 , 769.1 ,...,,,,,,,,,,,
,     Real estate activities,201.7,172.5,166.2,169.4,174.2 |,401.5,417.5,412.7 |,274.4,277.2,281.5 |,287.5,291.5,296.2 |, 288.9 , 294.8 , 268.1 , 290.2 ,...,,,,,,,,,,,
,"     Professional, scientific, and technical activities",,,,,,,,,95.4,99.6,104.3 |,128.0,136.8,147.7 |, 171.3 , 173.3 , 181.1 , 179.0 ,...,,,,,,,,,,,
,     Administrative and support service activities,,,,,,,,,99.8,98.5,107.1 |,132.9,141.6,137.2 |, 143.7 , 154.7 , 142.7 , 142.3 ,...,,,,,,,,,,,
,     Public administration and defense; compulsory social security,453.5,462.5,477.6,511.9,507.4 |,240.7,325.9,289.1 |,300.9,317.0,308.2 |,437.4,484.7,509.6 |, 678.9 , 737.3 , 755.2 , 765.5 ,...,,,,,,,,,,,
,     Education,,,,,,222.9,232.8,229.0 |,228.8,220.4,227.9 |,409.6,420.8,435.8 |, 550.8 , 565.9 , 591.4 , 616.1 ,...,,,,,,,,,,,
,     Human health and social work activities,,,,,,91.6,91.6,97.5 |,81.8,86.1,90.5 |,138.0,136.6,134.3 |, 184.6 , 186.1 , 190.2 , 191.2 ,...,,,,,,,,,,,
,"     Arts, entertainment, and recreationg",,,,,,210.8,202.5,124.9 |,16.7,18.4,19.4 |,21.6,22.5,22.6 |, 27.3 , 27.5 , 29.2 , 29.4 ,...,,,,,,,,,,,
,    Other service activities,...,...,...,...,…,…,…,… |,109.1,110.3,107.1 |,113.9,112.8,113.2 |, 88.0 , 91.3 , 91.9 , 91.8 ,...,,,,,,,,,,,
,"     Activities of households as employers; undifferentiated goods- 
          and services-producing activities of households for own use",…,…,…,…,… ,…,…,… ,…,…,… ,…,…,…,…,…,…,...,...,,,,,,,,,,,
,     Activities of extraterritorial organizations and bodies,…,…,…,…,… ,…,…,… ,…,…,… ,…,…,…,…,…,…,...,...,,,,,,,,,,,
,Less: Imputed bank service charges ,98.9,117.9,108.8,85.2,91.0 |,–,–,– |,–,–,– |,–,–,–,–,…,…,...,...,,,,,,,,,,,
,Taxes less subsidies on production and imports ,…,…,…,…,… ,…,…,… ,…,…,… ,…,…,…," 1,956.7 "," 2,099.1 "," 2,306.1 "," 2,500.7 ",...,,,,,,,,,,,
,Gross value added at 1995 | 2005 factor costs | 2008 | 2011 | 2014 basic prices,"2,626.8","2,675.9","2,761.2","2,784.4","2,935.4 |","4,327.3","4,407.5","4,385.5 |","4,730.6","4,665.0","4,802.9 |","5,738.8","5,819.8","6,095.4 |"," 7,210.3 "," 7,495.4 "," 7,542.3 "," 7,857.8 ",...,,,,,,,,,,,
,Net factor income from abroad,…,…,…,…,… ,…,…,… ,…,…,… ,…,…,…,-425.4,-430.7,-438.3,-675.0,...,,,,,,,,,,,
,GNI at constant market prices,…,…,…,…,… ,…,…,… ,…,…,… ,…,…,…," 9,592.4 "," 10,025.2 "," 10,286.7 "," 11,033.5 ",...,,,,,,,,,,,
,,,,,,,,,,,,,,,,,,,,,,,,,,,,,,,
,                    Growth of Outputh  (% annual change),,,,,,,,,,,,,,,,,,,,,,,,,,,,,,
,                    GDPe,-1.7,1.9,3.2,0.8,5.4,-1.3,1.9,-0.5,1.0,-1.4,3.0,2.7,1.4,4.7,5.6,4.7,2.6,5.2,...,,,,,,,,,,,
,                    Agriculture,-1.2,-5.7,4.7,-4.4,5.2,0.9,5.0,-5.0,4.9,-8.1,-2.6,8.2,-1.9,6.7,1.9,2.9,-10.8,8.3,...,,,,,,,,,,,
,                    Industry,-5.5,7.2,2.3,0.8,10.0,-6.7,0.7,-5.2,-1.4,1.0,6.5,2.0,-2.2,4.4,1.2,6.9,7.6,4.4,...,,,,,,,,,,,
,                    Services,0.8,2.9,2.4,0.8,3.6,-17.0,1.5,1.8,0.9,-0.8,2.9,2.0,3.0,4.5,7.4,3.3,0.3,3.6,...,,,,,,,,,,,
,,,,,,,,,,,,,,,,,,,,,,,,,,,,,,,
,Investment Financing at Current Prices,,,,,,,,,,,,,,,,,,,,,,,,,,,,,,
,Gross capital formation,618.8,609.6,795.8,965.7,904.3,"1,060.5",993.2,849.3,"1,315.2","1,067.7","1,128.9","1,421.2","1,228.0","2,132.1","1,622.2","1,931.5","1,845.1","1,969.4",...,,,,,,,,,,,
,Gross national saving,"1,139.8","1,187.9","1,445.2","1,587.1","1,804.1",545.8,423.8,650.6,471.5,754.1,864.3,"1,073.2","1,125.8","1,385.5","1,613.0","1,929.3","1,576.6","1,468.0",...,,,,,,,,,,,
,     Gross domestic savingi,912.8,"1,006.8","1,202.9","1,387.6","1,635.2",357.8,271.7,554.5,374.8,427.2,764.6,"1,021.0","1,010.2","1,159.8","1,581.3","1,802.1","1,452.3","1,514.5",...,,,,,,,,,,,
,     Net factor income from abroad,38.1,-37.7,10.8,-19.7,-18.1,-105.8,-190.1,-149.9,-138.8,-22.4,-186.8,-204.6,-262.5,-150.9,-425.4,-430.7,-438.3,-675.0,...,,,,,,,,,,,
,     Net current transfers from abroadj,188.9,218.8,231.5,219.2,187.0,293.8,342.2,246.0,235.5,349.3,286.5,256.8,378.1,376.7,457.1,557.9,562.6,628.5,...,,,,,,,,,,,
,,,,,,,,,,,,,,,,,,,,,,,,,,,,,,,
,                    Savings and Investment   (% of GDP at current market prices),,,,,,,,,,,,,,,,,,,,,,,,,,,,,,
,                    Gross domestic saving,25.6,26.8,30.0,31.8,34.8,7.1,5.1,10.2,2.1,7.6,12.7,15.1,14.2,15.0,17.2,18.3,14.1,13.9,...,,,,,,,,,,,
,                    Gross national saving,31.9,31.6,36.0,36.4,38.4,10.8,8.0,12.0,3.8,13.4,14.3,15.9,15.9,18.0,17.6,19.6,15.3,13.5,...,,,,,,,,,,,
,                    Gross capital formation,17.3,16.2,19.8,22.1,19.3,21.0,18.6,15.6,23.4,19.0,18.7,21.0,17.3,27.6,17.7,19.7,17.9,18.1,...,,,,,,,,,,,
,,,,,,,,,,,,,,,,,,,,,,,,,,,,,,,
,At Current Market Prices  (F$),,,,,,,,,,,,,,,,,,,,,,,,,,,,,,
,Per capita GDPe,"3,913","4,094","4,301","4,531","4,859","5,233","5,476","5,570","5,622","5,661","5,938","6,718","6,993","7,458","10,589","11,297","11,819","12,310",...,,,,,,,,,,,
,Per capita GNI,"4,502","4,626","4,963","5,320","5,694","5,966","6,187","6,339","6,509","6,614","6,862","7,683","7,980","8,775","10,097","10,801","11,317","11,548",...,,,,,,,,,,,
,,,,,,,,,,,,,,,,,,,,,,,,,,,,,,,
,PRODUCTION INDEXES   period averages,,,,,,,,,,,,,,,,,,,,,,,,,,,,,,
,Agriculture;     2004–2006 = 100,100.6,92.6,97.2,90.7,97.1,98.7,104.2,95.2,93.3,87.2,81.2,93.2,76.7,86.0,87.9,85.0,83.2,...,...,,,,,,,,,,,
,Mining;   1995 | 2008 | 2011 = 100,117.1,113.6,106.9,106.9,122.7,89.2,49.9,26.4 |,100.0,122.8,195.6 |,100.0,165.3,209.6,296.0,336.0,374.0,356.0,325.0,,,,,,,,,,,
,Manufacturing;    1995 | 2005 | 2008 | 2011 = 100,123.6,140,139.7,136.7,153.6 |,100.0,102.3,101 |,100.0,96.6,103.9 |,100.0,74.3,78.2,76.0,82.8,84.5,85.8,91.0,,,,,,,,,,,
,,,,,,,,,,,,,,,,,,,,,,,,,,,,,,,
,ENERGY  annual values,,,,,,,,,,,,,,,,,,,,,,,,,,,,,,
,Coal   (t ’000),,,,,,,,,,,,,,,,,,,,,,,,,,,,,,
,     Imports,17*, 15 , 16 , 17 , 0 , 0 , 0 , 0 , 0 , 0 , 0 , 0 , 0 , 0 , 0 , 0 , 0 ,…,...,,,,,,,,,,,
,     Consumption,17*,15*,16*,17*,2*,0*,0*,0*,0*,0*,0*,0*,0*,0*,0*,0*,0*,…,...,,,,,,,,,,,
,,,,,,,,,,,,,,,,,,,,,,,,,,,,,,,
,Electricity  (kWh million),,,,,,,,,,,,,,,,,,,,,,,,,,,,,,
,     Production,688,726,765,812,701,721,736,767,769,767,835,837,823,872,795,892,924,986,"1,033",,,,,,,,,,,
,     Consumption,688,726,765,812,816,823,690,706,718,715,764,741,732,780,794,826,842,902,937,,,,,,,,,,,
,,,,,,,,,,,,,,,,,,,,,,,,,,,,,,,
,PRICE INDEXES   period averages,,,,,,,,,,,,,,,,,,,,,,,,,,,,,,
,Consumer (national);   1993 | 2005 | 2008 | 2011 | 2014 = 100,119.6,124.7,125.6,130.9,134.6 |,100.0,102.5,107.4 |,100.0,103.2,107.0 |,100.0,103.4,106.4,107.0,101.4,105.3,108.8,113.3,,,,,,,,,,,
,               Food and nonalcoholic beverages,115.0,119.7,120.3,127.7,132.5 |,100.0,101.8,111.7 |,100.0,103.4,107.6 |,100.0,104.3,108.0,110.1,104.8,111.0,108.7,112.4,,,,,,,,,,,
,"               Alcoholic beverages, tobacco, and narcotics",151.0,160.6,165.8,174.2,181.7 |,100.0,102.5,106.6 |,100.0,104.5,107.3 |,100.0,109.1,119.0,129.6,109.8,139.5,183.9,219.6,,,,,,,,,,,
,               Clothing and footwear,107.4,108.4,109.4,110.7,109.5 |,...,101.4,104.4 |,100.0,102.4,106.3 |,100.0,99.8,102.8,104.6,102.1,103.3,103.5,104.1,,,,,,,,,,,
,"               Housing, water, electricity, gas, and other fuels",116.9,118.5,120.9,123.7,125.2 |,...,102.5,105.5 |,100.0,98.9,101.8 |,100.0,101.6,102.4,102.6,95.5,90.7,92.5,94.4,,,,,,,,,,,
,"               Furnishings, household equipment, and routine household maintenance",107.7,107.8,108.2,108.0,108.9 |,...,101.8,104.2 |,100.0,104.5,107.8 |,100.0,101.9,101.4,105.6,100.4,99.9,100.7,100.5,,,,,,,,,,,
,               Health,...,...,...,...,...,...,...,... |,100.0,103.6,112.6 |,100.0,103.4,108.7,112.4,102.8,107.0,106.6,105.2,,,,,,,,,,,
,               Transport,128.6,146.8,143.5,150.3,152.5 |,...,104.4,104.8 |,100.0,104.1,115.1 |,100.0,106.0,106.0,105.7,96.3,92.5,94.2,96.1,,,,,,,,,,,
,               Communication,...,...,...,...,...,...,...,... |,100.0,100.5,100.8 |,100.0,99.7,99.7,99.8,100.1,98.6,98.3,98.4,,,,,,,,,,,
,               Recreation and culture,...,...,...,...,...,...,...,... |,100.0,105.3,106.2 |,100.0,99.7,105.3,108.7,100.6,99.0,98.6,98.8,,,,,,,,,,,
,               Education,...,...,...,...,...,...,...,... |,100.0,106.2,104.4 |,100.0,101.0,107.0,90.7,98.3,106.4,107.1,107.1,,,,,,,,,,,
,               Restaurants and hotels,...,...,...,...,...,...,...,... |,100.0,108.7,112.1 |,100.0,107.7,119.1,123.9,101.5,105.1,108.1,109.8,,,,,,,,,,,
,               Miscellaneous goods and services,122.0,124.7,127.8,135.2,137.1 |,...,102.9,110.8 |,100.0,101.8,103.2 |,100.0,99.3,98.9,99.4,104.1,103.3,102.7,102.7,,,,,,,,,,,
,Implicit GDP deflatore;   1995 | 2005 | 2008 | 2011 | 2014 = 100,119.5,123.2,126.2,132.8,135.9 |,100.0,103.1,106.0 |,100.0,102.6,105.2 |,100.0,103.1,105.5,109.8,102.8,111.4,111.5,...,,,,,,,,,,,
,,,,,,,,,,,,,,,,,,,,,,,,,,,,,,,
,                    Price Indexes  (% annual change),,,,,,,,,,,,,,,,,,,,,,,,,,,,,,
,                    Consumer price index ,1.1,4.3,0.7,4.2,2.8,...,2.5,4.8,...,3.2,3.7,...,3.4,2.9,0.6,1.4,3.9,3.3,4.1,,,,,,,,,,,
,                    Food and nonalcoholic beverages price index,-3.2,4.1,0.5,6.2,3.8,...,1.8,9.7,...,3.4,4.1,...,4.3,3.5,1.9,4.7,6.0,-2.1,3.4,,,,,,,,,,,
,                    Implicit GDP deflator,-2.4,3.1,2.4,5.2,2.4,...,3.1,2.8,...,2.6,2.5,...,3.3,2.3,4.1,3.7,4.9,0.1,...,,,,,,,,,,,
,,,,,,,,,,,,,,,,,,,,,,,,,,,,,,,
,MONEY AND BANKINGk  as of end of period  (F$ million),,,,,,,,,,,,,,,,,,,,,,,,,,,,,,
,Money supply (M1),594 |,619,683,869,989,"1,205","1,150","1,621","1,357","1,262","1,411","1,991","2,098","3,510","3,704","4,201","4,367","4,976","5,030",,,,,,,,,,,
,     Currency in circulationl,163 |,182,203,226,252,280,294,290,314,355,384,399,437,442,490,548,600,642,649,,,,,,,,,,,
,     Demand depositsm,430 |,437,480,643,737,925,856,"1,332","1,043",907,"1,027","1,593","1,661","3,068","3,214","3,653","3,767","4,334","4,381",,,,,,,,,,,
,Quasi-money,920 |,"1,471","1,539","1,946","2,145","2,448","2,982","3,288","3,069","3,278","3,402","3,940","4,190","5,162","5,707","6,526","6,826","7,407","7,640",,,,,,,,,,,
,Securities other than shares,… |,20,284,183,181,241,354,353,294,304,289,187,183,119,120,125,116,118,108,,,,,,,,,,,
,Money supply (M3),"1,514 |","1,673","2,025","2,355","2,578","2,969","3,630","3,931","3,677","3,937","4,075","4,525","4,810","5,723","6,318","7,198","7,541","8,167","8,397",,,,,,,,,,,
,     Foreign assets (net)n,842 |,"1,019",890,940,893,602,540,842,585,847,"1,102","1,371","1,473","1,773","1,623","1,807","1,877","2,215","1,879",,,,,,,,,,,
,     Domestic credit,"1,359 |",913,"1,552","1,994","2,224","2,998","3,664","3,706","3,859","4,119","4,088","4,129","4,243","4,838","5,742","6,513","7,006","7,423","8,141",,,,,,,,,,,
,          Claims on government sectoro,74 |,-205,-42,171,142,282,354,295,169,303,192,124,31,10,32,28,-159,-364,-155,,,,,,,,,,,
,          Claims on private sector,"1,146 |","1,085","1,605","1,821","2,237","2,769","3,336","3,376","3,624","3,650","3,776","3,923","4,174","4,558","5,264","6,011","6,786","7,416","7,958",,,,,,,,,,,
,          Claims on other financial institutionsp,139 |,-31,-55,-59,-241,-150,-108,-62,-80,-70,-67,-50,-78,-64,-9,-6,-6,-5,5,,,,,,,,,,,
,          Claims on state and local government,… |,9,8,11,10,8,3,8,11,12,13,16,17,16,18,16,15,14,...,,,,,,,,,,,
,          Claims on public nonfinancial corporations,… |,55,36,50,77,88,79,88,136,223,173,115,98,317,438,463,370,362,...,,,,,,,,,,,
,     Other itemsq,… |,44,-11,-101,-74,-94,53,79,38,-10,-34,35,114,95,95,137,14,-15,6,,,,,,,,,,,
,,,,,,,,,,,,,,,,,,,,,,,,,,,,,,,
,               Money supply (M3)   (% annual change),-2.1,...,21.1,16.3,9.5,15.2,22.3,8.3,-6.5,7.1,3.5,11.0,6.3,19.0,10.1,14.3,4.8,8.2,...,,,,,,,,,,,
,               M3   (% of GDP at current market prices),42.4,44.5,50.5,54.0,54.9,58.9,68.2,72.3,65.5,70.1,67.6,66.9,67.7,74.2,74.7,68.9,73.3,75.0,...,,,,,,,,,,,
,,,,,,,,,,,,,,,,,,,,,,,,,,,,,,,
,Deposit Money Banks,,,,,,,,,,,,,,,,,,,,,,,,,,,,,,
,Demand depositsm,430 |,437,480,643,737,925,856,"1,332","1,043",907,"1,027","1,593","1,661","3,068","3,214","3,653","3,767","4,334","4,381",,,,,,,,,,,
,Other depositsr,920 |,"1,034","1,058","1,304","1,408","1,523","2,126","1,956","2,026","2,371","2,375","2,347","2,529","2,094","2,494","2,872","3,058","3,073","3,258",,,,,,,,,,,
,Domestic credits outstandings,"1,189 |","1,127","1,158","1,363","1,626","1,996","2,424","2,475","2,762","2,787","2,883","3,118","3,355","3,857","4,835","5,480","5,986","6,488","6,893",,,,,,,,,,,
,,,,,,,,,,,,,,,,,,,,,,,,,,,,,,,
,GOVERNMENT FINANCE    fiscal year ending 31 December  (F$ million),,,,,,,,,,,,,,,,,,,,,,,,,,,,,,
,Central Government,,,,,,,,,,,,,,,,,,,,,,,,,,,,,,
,     Revenue,...,...,...,...,"1,176.0","1,223.2","1,373.1",...,...,...,"1,464.2","1,732.4","1,819.3","2,012.7","2,378.5","2,692.8","2,697.3","3,039.5",...,,,,,,,,,,,
,          Taxes,...,...,...,...,"1,048.9","1,085.4","1,245.5",...,...,...,"1,312.1","1,558.3","1,651.8","1,824.4","2,083.2","2,331.6","2,425.4","2,723.6",...,,,,,,,,,,,
,"               Taxes on income, profits, and capital gains",...,...,...,...,334.6,352.5,446.1,...,...,...,425.9,478.4,492.7,442.6,518.4,605.1,731.8,848.3,...,,,,,,,,,,,
,                    Payable by individuals,...,...,...,...,175.7,180.4,215.2,...,...,...,184.0,205.5,130.8,135.2,183.0,182.7,189.9,197.4,...,,,,,,,,,,,
,                    Payable by corporations and other enterprises,...,...,...,...,127.2,148.3,172.5,...,...,...,160.8,176.6,245.7,203.5,207.5,290.6,347.9,445.3,...,,,,,,,,,,,
,"                    Other taxes on income, profits, and capital gains",...,...,...,...,31.7,23.8,58.4,...,...,...,81.1,96.4,116.2,103.9,127.8,131.9,194.0,205.6,...,,,,,,,,,,,
,               Taxes on payroll and workforce,...,...,...,...,–,–,–,...,...,...,–,–,–,–,–,–,–,–,...,,,,,,,,,,,
,               Taxes on property,...,...,...,...,–,–,–,...,...,...,–,–,–,–,–,–,–,–,...,,,,,,,,,,,
,               Taxes on goods and services,...,...,...,...,498.2,511.1,579.8,...,...,...,596.9,774.9,812.1,974.4,"1,072.4","1,195.1","1,146.3","1,305.6",...,,,,,,,,,,,
,               Taxes on international trade and transaction,...,...,...,...,215.6,219.8,218.7,...,...,...,289.3,305.0,347.0,407.5,492.4,531.5,547.3,569.6,...,,,,,,,,,,,
,               Other taxes,...,...,...,...,0.5,2.1,0.9,...,...,...,–,–,–,–,–,–,–,–,...,,,,,,,,,,,
,          Social contributions,...,...,...,...,–,–,–,...,...,...,–,–,–,–,–,–,–,–,...,,,,,,,,,,,
,          Grants ,...,...,...,...,22.7,7.1,6.4,...,...,...,16.8,21.3,19.8,28.9,118.6,167.4,48.5,32.7,...,,,,,,,,,,,
,          Other revenue,...,...,...,...,104.5,130.7,121.2,...,...,...,135.4,152.8,147.7,159.4,176.8,193.8,223.4,283.1,...,,,,,,,,,,,
,     Expense,...,...,...,...,"1,178.0","1,245.4","1,412.9",...,...,...,"1,429.2","1,608.4","1,686.9","1,882.7","2,342.4","2,579.1","2,608.1","2,888.9",...,,,,,,,,,,,
,          Compensation of employees,...,...,...,...,519.3,525.3,632.5,...,...,...,551.4,553.3,585.6,606.5,746.1,806.3,825.9,875.3,...,,,,,,,,,,,
,          Use of goods and services,...,...,...,...,182.7,200.7,234.2,...,...,...,197.4,206.8,236.5,260.3,290.4,315.5,316.7,372.3,...,,,,,,,,,,,
,          Consumption of fixed capital,...,...,...,...,...,...,...,...,...,...,...,...,...,...,...,...,...,...,...,,,,,,,,,,,
,          Interest,...,...,...,...,119.0,128.1,141.5,...,...,...,222.6,262.8,257.7,260.2,264.2,290.7,264.8,279.4,...,,,,,,,,,,,
,          Subsidies,...,...,...,...,8.2,8.5,8.4,...,...,...,106.2,188.1,119.5,83.9,83.4,91.6,79.0,168.8,...,,,,,,,,,,,
,          Grants ,...,...,...,...,194.2,212.6,212.9,...,...,...,159.1,198.3,281.7,467.4,685.2,810.2,685.8,820.9,...,,,,,,,,,,,
,          Social benefits,...,...,...,...,59.4,66.8,67.4,...,...,...,86.9,112.0,111.1,106.8,187.1,188.4,293.5,228.5,...,,,,,,,,,,,
,          Other expense,...,...,...,...,95.1,103.5,116.0,...,...,...,105.6,87.1,94.8,97.6,86.1,76.5,142.4,143.7,...,,,,,,,,,,,
,     Net operating balance,...,...,...,...,…,…,…,…,…,…,…,…,…,…,…,…,…,…,...,,,,,,,,,,,
,     Gross operating balance,...,...,...,...,-1.9,-22.2,-39.8,...,...,...,35.1,124.0,132.4,130.0,36.1,113.8,89.2,150.6,...,,,,,,,,,,,
,     Transactions in Nonfinancial Assets,,,,,,,,,,,,,,,,,,,,,,,,,,,,,,
,     Net/gross Investment in nonfinancial assets,...,...,...,...,...,145.0,116.8,...,...,...,194.7,238.2,234.7,196.0,260.5,307.8,173.0,253.8,...,,,,,,,,,,,
,          Fixed assets,...,...,...,...,...,...,...,...,...,...,150.4,205.2,198.3,160.3,233.4,261.9,132.1,199.71,...,,,,,,,,,,,
,          Inventories,...,...,...,...,...,...,...,...,...,...,...,...,...,...,–,–,–,–,...,,,,,,,,,,,
,          Valuables,...,...,...,...,...,...,...,...,...,...,–,–,–,–,–,–,–,–,...,,,,,,,,,,,
,          Nonproduced assets,...,...,...,...,...,...,...,...,...,...,13.4,6.0,7.5,10.1,-2.7,8.3,3.5,8.3,...,,,,,,,,,,,
,     Expenditure,...,...,...,...,...,"1,390.5","1,529.7",...,...,...,"1,623.9","1,846.6","1,921.5","2,078.7","2,602.9","2,886.8","2,886.8","2,886.8",...,,,,,,,,,,,
,     Net lending/Net borrowing,...,...,...,...,...,-167.2,-156.6,...,...,...,-159.6,-114.2,-102.3,-66.0,-224.3,-194.0,-83.8,-103.2,...,,,,,,,,,,,
,     Primary balance,...,...,...,...,...,-39.1,-15.1,...,...,...,63.0,148.6,155.4,194.2,39.9,96.7,181.0,176.2,...,,,,,,,,,,,
,     Transactions in Financial Assets and Liabilities (Financing),,,,,,,,,,,,,,,,,,,,,,,,,,,,,,
,     Net acquisition of financial assets,...,...,...,...,...,...,63.5,...,...,...,100.9,27.9,25.1,27.4,73.7,63.2,49.7,115.2,...,,,,,,,,,,,
,          Domestic ,...,...,...,...,...,...,...,...,...,...,100.9,27.9,25.1,27.4,73.7,63.2,49.7,115.2,...,,,,,,,,,,,
,          External ,...,...,...,...,...,...,...,...,...,...,–,–,–,–,–,–,–,–,...,,,,,,,,,,,
,     Net incurrence of liabilities,...,...,...,...,...,...,220.1,...,...,...,260.5,142.1,127.4,93.4,298.0,257.2,133.4,218.4,...,,,,,,,,,,,
,          Domestic ,...,...,...,...,...,...,202.3,...,...,...,231.4,-136.0,9.1,13.2,203.3,701.1,91.1,198.6,...,,,,,,,,,,,
,          External  ,...,...,...,...,...,...,17.9,...,...,...,29.1,278.1,118.3,80.3,94.7,-444.0,42.3,19.8,...,,,,,,,,,,,
,,,,,,,,,,,,,,,,,,,,,,,,,,,,,,,
,               Government Finance  (% of GDP at current market prices),,,,,,,,,,,,,,,,,,,,,,,,,,,,,,
,               Revenue,...,...,...,...,25.1,24.3,25.8,...,...,...,24.3,25.6,25.6,26.1,25.9,27.4,26.1,27.9,...,,,,,,,,,,,
,               Taxes,...,...,...,...,22.3,21.5,23.4,...,...,...,21.8,23.0,23.2,23.6,22.7,23.7,23.5,25.0,...,,,,,,,,,,,
,               Taxes payable by individuals,...,...,...,...,3.7,3.6,4.0,...,...,...,3.1,3.0,1.8,1.8,2.0,1.9,1.8,1.8,...,,,,,,,,,,,
,               Taxes payable by corporations and other enterprises,...,...,...,...,2.7,2.9,3.2,...,...,...,2.7,2.6,3.5,2.6,2.3,3.0,3.4,4.1,...,,,,,,,,,,,
,               Expenditure,...,...,...,...,...,27.6,28.7,...,...,...,27.0,27.3,27.0,26.9,28.4,29.4,28.0,26.5,...,,,,,,,,,,,
,               Net lending/net borrowing,...,...,...,...,...,-3.3,-2.9,...,...,...,-2.6,-1.7,-1.4,-0.9,-2.4,-2.0,-0.8,-0.9,...,,,,,,,,,,,
,               Primary balance,...,...,...,...,...,-0.8,-0.3,...,...,...,1.0,2.2,2.2,2.5,0.4,1.0,1.8,1.6,...,,,,,,,,,,,
,,,,,,,,,,,,,,,,,,,,,,,,,,,,,,,
,"Expenditure by Function, Central Government",,,,,,,,,,,,,,,,,,,,,,,,,,,,,,
,     Total expenditure,...,...,...,...,...,"1,390.5","1,529.7",...,...,...,"1,623.9","1,846.6","1,921.5","2,078.7","2,602.9","2,886.8","2,886.8","2,886.8",...,,,,,,,,,,,
,          General public services,...,...,...,...,...,393.9,382.1,...,...,...,...,...,...,...,...,...,...,...,...,,,,,,,,,,,
,          Defense,...,...,...,...,...,82.9,82.6,...,...,...,...,...,...,...,...,...,...,...,...,,,,,,,,,,,
,          Public order and safety,...,...,...,...,...,95.5,143.5,...,...,...,...,...,...,...,...,...,...,...,...,,,,,,,,,,,
,          Economic affairs,...,...,...,...,...,170.8,217.6,...,...,...,...,...,...,...,...,...,...,...,...,,,,,,,,,,,
,          Environmental protection,...,...,...,...,...,13.7,3.4,...,...,...,...,...,...,...,...,...,...,...,...,,,,,,,,,,,
,          Housing and community amenities,...,...,...,...,...,127.8,144.0,...,...,...,...,...,...,...,...,...,...,...,...,,,,,,,,,,,
,          Health,...,...,...,...,...,134.2,143.0,...,...,...,...,...,...,...,...,...,...,...,...,,,,,,,,,,,
,"          Recreation, culture, and religion",...,...,...,...,...,12.0,10.5,...,...,...,...,...,...,...,...,...,...,...,...,,,,,,,,,,,
,          Education,...,...,...,...,...,297.2,342.4,...,...,...,...,...,...,...,...,...,...,...,...,,,,,,,,,,,
,          Social protection,...,...,...,...,...,62.5,60.7,...,...,...,...,...,...,...,...,...,...,...,...,,,,,,,,,,,
,,,,,,,,,,,,,,,,,,,,,,,,,,,,,,,
,               Expenditure by Function      (% of GDP at current market prices),,,,,,,,,,,,,,,,,,,,,,,,,,,,,,
,               Education,...,...,...,...,...,5.9,6.4,...,...,...,...,...,...,...,...,...,...,...,...,,,,,,,,,,,
,               Health,...,...,...,...,...,2.7,2.7,...,...,...,...,...,...,...,...,...,...,...,...,,,,,,,,,,,
,               Social protection,...,...,...,...,...,1.2,1.1,...,...,...,...,...,...,...,...,...,...,...,...,,,,,,,,,,,
,,,,,,,,,,,,,,,,,,,,,,,,,,,,,,,
,EXTERNAL TRADE   calendar year (F$ million),,,,,,,,,,,,,,,,,,,,,,,,,,,,,,
,"Exports, fob  ","1,155","1,221","1,132","1,269","1,206","1,193","1,202","1,210","1,471","1,310","1,605","1,925","2,182","2,120","2,302","2,059","1,951","2,036","2,120",,,,,,,,,,,
,"Imports, cif","1,822","2,017","1,970","2,285","2,502","2,723","3,124","2,890","3,601","3,022","3,465","3,914","4,031","5,199","5,013","4,757","4,839","4,964","5,696",,,,,,,,,,,
,     Trade balance,-667,-796,-838,"-1,016","-1,296","-1,530","-1,923","-1,680","-2,130","-1,712","-1,859","-1,989","-1,849","-3,079","-2,710","-2,698","-2,889","-2,928","-3,576",,,,,,,,,,,
,,,,,,,,,,,,,,,,,,,,,,,,,,,,,,,
,                    External Trade  (% annual change),,,,,,,,,,,,,,,,,,,,,,,,,,,,,,
,                    Exports,-5.0,5.8,-7.3,12.1,-5.0,-1.1,0.8,0.7,21.6,-10.9,22.5,19.9,13.3,-2.8,8.6,-10.6,-5.3,4.4,4.1,,,,,,,,,,,
,                    Imports,-0.9,10.7,-2.3,16.0,9.5,8.8,14.7,-7.5,24.6,-16.1,14.6,13.0,3.0,29.0,-3.6,-5.1,1.7,2.6,14.8,,,,,,,,,,,
,,,,,,,,,,,,,,,,,,,,,,,,,,,,,,,
,Direction of Trade    calendar year ($ million),,,,,,,,,,,,,,,,,,,,,,,,,,,,,,
,"Exports, total",453.4,455.0,511.7,498.5,545.9,687.0,505.7,696.0,763.6,593.2,654.0,810.2,928.1,853.1,"1,108.9",743.2,768.3,797.9,861.5,,,,,,,,,,,
,     1. United States,104.2,119.9,100.0,123.4,150.5,108.0,98.1,109.6,112.5,70.0,96.1,104.0,150.4,147.4,170.8,140.3,167.4,185.3,186.8,,,,,,,,,,,
,     2. Australia,147.9,121.3,185.6,137.6,163.6,143.2,117.8,98.9,113.8,100.0,177.1,194.5,181.1,150.5,158.6,135.5,138.9,147.0,134.4,,,,,,,,,,,
,     3. New Zealand ,22.9,21.0,24.8,28.1,31.0,35.7,39.8,51.7,51.8,41.9,49.0,62.1,55.5,59.1,65.2,41.7,65.0,65.3,68.2,,,,,,,,,,,
,"     4. China, People's Republic of",0.5,0.3,0.2,4.2,3.7,2.3,1.9,3.6,2.4,7.2,6.9,7.1,16.2,28.9,80.5,40.8,47.6,47.5,59.8,,,,,,,,,,,
,     5. United Kingdom,79.3,95.4,70.6,98.3,88.3,106.2,75.5,106.1,137.0,94.4,42.3,79.1,101.7,58.6,105.6,39.2,34.8,51.0,4.0,,,,,,,,,,,
,     6. Japan,21.1,23.3,45.0,22.7,25.7,40.0,55.1,34.9,40.1,32.3,60.3,63.3,72.2,31.2,59.7,34.7,28.8,32.6,77.3,,,,,,,,,,,
,     7. Tonga,5.4,6.7,8.6,6.0,7.6,10.0,11.6,21.5,48.3,13.4,25.2,58.3,55.4,57.0,55.2,46.5,39.0,…,52.1,,,,,,,,,,,
,     8. Vanuatu,3.5,3.8,3.8,4.1,5.0,11.4,9.1,13.0,28.1,15.4,18.2,21.9,24.4,28.2,33.6,29.8,38.8,31.8,30.4,,,,,,,,,,,
,     9. Kiribati,3.1,3.4,4.4,4.4,6.9,7.8,9.1,11.9,11.3,8.2,13.2,21.7,26.6,44.4,46.4,35.2,31.4,24.0,19.2,,,,,,,,,,,
,     10. Samoa,6.0,6.9,10.7,8.3,11.6,13.4,16.4,19.8,20.2,16.2,16.1,22.0,20.6,23.0,35.4,21.0,22.6,23.0,24.4,,,,,,,,,,,
,,,,,,,,,,,,,,,,,,,,,,,,,,,,,,,
,"Imports, total",788.5,750.7,807.7,"1,089.4","1,281.7","1,617.7","1,816.1","1,799.6","2,300.1","1,465.4","1,852.9","2,267.6","2,363.3","2,911.0","3,343.2","2,134.3","2,360.6","2,481.6","2,785.0",,,,,,,,,,,
,     1. Singapore,47.2,43.3,44.3,69.1,159.4,479.9,621.4,609.2,788.1,397.7,599.0,672.5,717.4,594.4,833.2,396.3,356.1,462.8,566.9,,,,,,,,,,,
,     2. Australia,300.9,263.9,312.7,404.9,432.9,394.6,403.8,406.6,445.4,317.8,367.4,427.6,412.4,383.6,454.9,320.2,402.1,401.4,427.6,,,,,,,,,,,
,     3. New Zealand,134.2,148.2,162.5,202.7,258.9,289.5,287.0,314.8,300.2,228.2,287.4,300.1,312.3,344.5,454.5,297.4,403.5,417.2,397.6,,,,,,,,,,,
,"     4. China, People's Republic of",16.0,21.4,32.7,33.8,45.8,48.5,64.8,58.7,96.3,79.5,110.0,181.1,198.6,281.7,443.4,303.5,355.2,380.5,443.8,,,,,,,,,,,
,     5. Japan,32.6,33.4,39.3,57.9,60.4,68.0,64.5,52.2,51.5,37.8,44.9,42.0,50.2,68.7,124.1,97.1,159.0,92.6,127.3,,,,,,,,,,,
,"     6. Korea, Republic of",8.3,7.3,9.5,11.2,14.2,16.6,17.0,15.9,20.3,44.4,19.6,25.9,26.7,43.2,66.7,132.2,78.0,96.0,88.6,,,,,,,,,,,
,     7. United States,37.1,37.0,35.5,99.0,46.6,60.4,50.5,57.5,152.6,63.4,65.2,110.6,68.3,128.2,119.3,61.3,64.7,69.1,63.1,,,,,,,,,,,
,     8. Malaysia,13.1,11.6,12.0,17.2,17.9,23.4,30.4,23.2,38.8,28.5,35.0,43.1,49.4,145.5,110.0,44.1,54.9,50.8,67.3,,,,,,,,,,,
,"     9. Hong Kong, China",32.0,29.1,21.6,32.2,30.8,20.7,30.6,25.0,45.3,30.6,29.8,38.0,46.3,51.2,73.6,50.7,60.7,65.3,72.5,,,,,,,,,,,
,"     10. Taipei,China",16.3*,13.5*,12.5*,9.5*,9.7*,10.4*,12.2*,19.9*,36.2*,28.4*,44.4*,85.7*,110.7*,85.2*,92.7*,53.4*,44.2*,61.7*,65.5*,,,,,,,,,,,
,,,,,,,,,,,,,,,,,,,,,,,,,,,,,,,
,BALANCE OF PAYMENTSt    calendar year ($ million),,,,,,,,,,,,,,,,,,,,,,,,,,,,,,
,Current account balance,-27,-68,20,-50,-246 |,-207,-506,-386,-529,-120,-148,-196,-57,-405,-558,-373,-403,-772,"-1,031",,,,,,,,,,,
,     Balance on goods,-234,-268,-321,-388,-571 |,-687,-897,-851,"-1,077",-628,-738,-854,-770,"-1,159","-1,942","-1,912","-2,086","-2,259","-2,755",,,,,,,,,,,
,          Exports,538,505,477,674,714 |,681,658,719,904,615,818,"1,068","1,205","1,146","2,280","2,039","1,942","2,034","2,172",,,,,,,,,,,
,          Imports,-772,-773,-798,"-1,062","-1,285 |","1,368","1,555","1,571","1,980","1,242","1,555","1,922","1,975","2,305","4,221","3,951","4,029","4,292","4,927",,,,,,,,,,,
,     Balance on services,119,104,235,222,216 |,401,347,406,486,341,538,631,648,631,"1,353","1,537","1,657","1,682","1,819",,,,,,,,,,,
,          Credit,481,479,578,710,839 |,931,883,923,"1,109",805,986,"1,169","1,223","1,237","2,492","2,728","2,863","3,027","3,327",,,,,,,,,,,
,          Debit,-363,-374,-343,-488,-622 |,530,536,517,622,464,448,539,574,606,"1,139","1,191","1,206","1,345","1,509",,,,,,,,,,,
,     Balance on primary income,,,,,,-62,-110,-93,-87,-11,-98,-116,-147,-82,-425,-597,-570,-875,-752,,,,,,,,,,,
,          Credit,,,,,,81,66,67,72,62,81,100,76,88,112,140,151,160,143,,,,,,,,,,,
,          Debit,,,,,,144,176,160,159,73,178,216,222,170,537,736,721,"1,034",896,,,,,,,,,,,
,     Balance on secondary income,89,96,106,116,108 |,141,154,153,148,179,149,143,211,205,457,599,596,680,657,,,,,,,,,,,
,          Credit,130,139,151,186,191 |,231,252,214,221,228,202,202,277,278,597,759,773,865,874,,,,,,,,,,,
,          Debit,-41,-43,-45,-70,-83 |,89,98,61,73,49,53,59,66,74,140,160,177,186,217,,,,,,,,,,,
,Capital account,-16,-4,-2,5,3 |,3,2,3,5,2,3,6,4,5,8,6,9,9,10,,,,,,,,,,,
,     Credit,…,…,…,…,… ,3,2,3,5,2,3,6,4,5,8,6,9,9,10,,,,,,,,,,,
,     Debit,…,…,…,…,… ,–,–,–,–,–,–,–,–,–,–,–,–,–,–,,,,,,,,,,,
,Financial account,3,8,86,123,277 |,-207,-669,-632,-255,-467,-294,-335,-315,-366,"-1,217",-315,-643,"-1,051","-1,138",,,,,,,,,,,
,     Direct investment,1,44,35,41,252 |,-175,-459,-381,-348,-160,-349,-401,-374,-259,-644,-500,-851,-802,-726,,,,,,,,,,,
,     Portfolio investment,–,–,–,–,1 |,13,-264,-73,-13,5,1,36,54,29,21,188,62,87,72,,,,,,,,,,,
,     Financial derivatives,…,…,…,…,… ,…,…,…,…,…,…,…,…,…,…,…,…,…,…,,,,,,,,,,,
,     Other investment,2,-36,51,81,24 |,-45,54,-178,106,-312,53,30,5,-135,-593,-3,146,-337,-484,,,,,,,,,,,
,Net errors and omissions,87,33,-148,-67,40 |,138,184,66,-105,147,14,28,200,-106,739,-188,241,-59,381,,,,,,,,,,,
,Overall balance,47,-31,-45,11,74 |,-135,-18,183,-164,203,135,117,62,71,-72,137,8,348,-264,,,,,,,,,,,
,Reserves and related items,-47,31,45,-11,-74 |,-135,-18,183,-164,203,135,117,62,71,-72,137,8,348,-264,,,,,,,,,,,
,International investment position,…,…,…,…,… ,-683,"-1,252","-1,814","-2,230","2,184","-2,376","-2,734","-2,994","-3,008","-6,825","-7,159","-7,796","-8,467","-9,912",,,,,,,,,,,
,,,,,,,,,,,,,,,,,,,,,,,,,,,,,,,
,                    Balance of Payments   (% of GDP  at current market prices),,,,,,,,,,,,,,,,,,,,,,,,,,,,,,
,                    Exports,32.0,30.6,26.0,29.3,26.4,22.8,21.4,21.3,25.6,21.4,26.0,28.3,30.3,27.4,24.9,20.8,18.8,18.7,...,,,,,,,,,,,
,                    Imports,46.0,46.8,43.5,46.2,47.4,45.9,50.5,46.5,56.2,43.3,49.5,50.9,49.7,55.0,46.0,40.2,39.0,39.4,...,,,,,,,,,,,
,                    Balance on goods,-14.0,-16.2,-17.5,-16.9,-21.1,-23.0,-29.2,-25.2,-30.6,-21.9,-23.5,-22.6,-19.4,-27.7,-21.2,-19.5,-20.2,-20.7,...,,,,,,,,,,,
,                    Current account balance,-1.6,-4.1,1.1,-2.2,-9.1,-7.0,-16.4,-11.4,-15.0,-4.2,-4.7,-5.2,-1.4,-9.7,-6.1,-3.8,-3.9,-7.1,...,,,,,,,,,,,
,                    Overall balance,2.8,-1.9,-2.4,0.5,2.7,-4.5,-0.6,5.4,-4.6,7.1,4.3,3.1,1.6,1.7,-0.8,1.4,0.1,3.2,...,,,,,,,,,,,
,,,,,,,,,,,,,,,,,,,,,,,,,,,,,,,
,INTERNATIONAL RESERVES   as of end of period ($ million),,,,,,,,,,,,,,,,,,,,,,,,,,,,,,
,Total,412.0,366.4,359.0,423.6,483.1,321.3,313.3,528.3,322.2,570.0,720.6,833.5,921.4,941.9,916.2,918.8,908.6,"1,116.1",947.4,,,,,,,,,,,
,"     Gold, national valuation",0.2,0.2,0.3,0.3,0.4,0.4,0.5,0.7,0.7,0.9,1.2,1.3,1.4,1.0,1.0,0.9,1.0,1.1,1.1,,,,,,,,,,,
,     Foreign exchange,386.5,341.3,331.3,393.0,450.7,291.0,280.6,492.7,286.6,438.9,615.7,728.6,816.2,836.7,817.1,824.0,816.5,"1,018.4",851.6,,,,,,,,,,,
,     Reserve position in the IMF,19.5,18.9,20.5,22.6,23.7,21.9,23.3,24.8,24.4,25.1,25.0,25.2,25.3,25.5,24.1,23.1,32.0,34.0,33.6,,,,,,,,,,,
,     SDRs,5.8,6.0,6.8,7.7,8.3,8.0,8.9,10.1,10.6,105.1,78.7,78.4,78.5,78.7,74.0,70.8,59.2,62.7,61.2,,,,,,,,,,,
,,,,,,,,,,,,,,,,,,,,,,,,,,,,,,,
,EXCHANGE RATES    (F$–$),,,,,,,,,,,,,,,,,,,,,,,,,,,,,,
,End of period,2.2,2.3,2.1,1.7,1.6,1.7,1.7,1.6,1.8,1.9,1.8,1.8,1.8,1.9,2.0,2.1,2.1,2.1,2.1,,,,,,,,,,,
,Average of period,2.1,2.3,2.2,1.9,1.7,1.7,1.7,1.6,1.6,2.0,1.9,1.8,1.8,1.8,1.9,2.1,2.1,2.1,2.1,,,,,,,,,,,
,,,,,,,,,,,,,,,,,,,,,,,,,,,,,,,
,EXTERNAL INDEBTEDNESS   as of end of year ($ million),,,,,,,,,,,,,,,,,,,,,,,,,,,,,,
,Total debt outstanding and disbursed,194.5,181.4,211.4,258.1,263.7,302.7,373.2,397.9,415.8,554.2,607.5,888.2,785.4,834.9,906.6,852.0,899.3,899.4,...,,,,,,,,,,,
,     Long-term debt,174.3,160.4,169.5,183.4,192.5,185.4,349.8,365.7,387.7,392.9,426.1,585.1,650.2,694.8,741.5,678.0,710.6,753.7,...,,,,,,,,,,,
,          Public and publicly guaranteed,174.3,160.4,169.5,183.4,192.5,185.4,349.8,365.7,387.3,392.4,425.6,584.6,649.7,694.3,741.1,677.7,710.2,753.4,...,,,,,,,,,,,
,          Private nonguaranteed,–,–,–,–,–,–,–,–,0.4,0.5,0.5,0.5,0.5,0.5,0.4,0.4,0.4,0.4,...,,,,,,,,,,,
,     Short-term debt,11.2,12.2,32.4,64.3,60.4,107.4,13.0,21.3,17.4,56.1,78.1,200.1,32.1,36.8,67.9,80.9,98.5,50.2,...,,,,,,,,,,,
,     Use of IMF credit,9.1,8.7,9.5,10.3,10.8,9.9,10.5,11.0,10.7,105.2,103.3,103.0,103.1,103.3,97.2,93.0,90.2,95.6,...,,,,,,,,,,,
,,,,,,,,,,,,,,,,,,,,,,,,,,,,,,,
,                    External debt  (% of GNI),11.3,11.0,11.4,11.1,9.7,9.9,12.5,12.0,12.1,19.4,20.0,24.3,20.5,20.3,21.4,20.4,20.0,18.7,...,,,,,,,,,,,
,                    Total long-term debt  (% of total debt),89.6,88.4,80.2,71.1,73.0,61.2,93.7,91.9,93.2,70.9,70.1,65.9,82.8,83.2,81.8,79.6,79.0,83.8,...,,,,,,,,,,,
,                    Short-term debt    (% of total debt),5.8,6.7,15.3,24.9,22.9,35.5,3.5,5.3,4.2,10.1,12.9,22.5,4.1,4.4,7.5,9.5,11.0,5.6,...,,,,,,,,,,,
,                    Debt service  (% of exports of goods and services),2.6,1.9,1.8,1.3,0.8,0.9,0.9,1.7,1.2,1.9,1.4,8.3,1.6,1.9,2.0,13.8,3.2,2.3,...,,,,,,,,,,,
,,,,,,,,,,,,,,,,,,,,,,,,,,,,,,,
,Debt service  transactions during the year ($ million),,,,,,,,,,,,,,,,,,,,,,,,,,,,,,
,     Principal repayments on long-term debt ,17.5,10.7,11.4,11.3,6.3,8.6,7.6,10.4,7.8,10.4,9.1,163.6,11.2,15.1,21.1,277.8,48.0,32.9,45.4,,,,,,,,,,,
,     Interest on long-term debt,7.9,6.8,6.7,5.9,5.3,5.5,6.0,17.0,17.1,16.4,15.3,27.1,29.0,30.3,29.5,37.8,23.4,23.9,27.1,,,,,,,,,,,
,     Interest on short-term debt,0.7,0.7,0.7,0.7,1.0,0.8,0.6,1.3,0.5,0.9,0.8,3.3,0.9,0.9,0.9,1.2,2.0,1.2,...,,,,,,,,,,,
,,,,,,,,,,,,,,,,,,,,,,,,,,,,,,,
,Average terms of new commitments  ,,,,,,,,,,,,,,,,,,,,,,,,,,,,,,
,     Interest   (% per annum),–,–,2.5,–,2.6,4.8,6.3,–,–,0.7,1.0,6.9,2.0,–,0.5,6.4,1.6,3.1,...,,,,,,,,,,,
,     Maturity   (years),–,–,24.4,–,24.0,30.9,6.9,–,–,31.6,14.4,9.5,19.6,–,20.0,5.2,21.6,19.7,...,,,,,,,,,,,
,     Grace period   (years),–,–,3.9,–,4.5,4.7,4.4,–,–,8.1,3.8,5.0,5.1,–,5.5,4.9,5.6,2.1,...,,,,,,,,,,,
,     Grant element   (%),–,–,51.9,–,51.6,38.2,15.9,–,–,75.6,47.9,18.4,52.8,–,64.3,13.7,58.0,41.8,...,,,,,,,,,,,
,,,,,,,,,,,,,,,,,,,,,,,,,,,,,,,
"… = data not available; – = magnitude equals zero; 0 or 0.0 = magnitude is less than half of unit employed; | = marks break in series; * = provisional, preliminary, estimate; $ = United States dollars; cif = cost, insurance, and freight; F$ = Fiji dollars; fob = free on board; GDP = gross domestic product; GNI = gross national income; IMF = International Monetary Fund; km2 = square kilometer; kWh = kilowatt-hour; NPISHs = nonprofit institutions serving households; SDRs = special drawing rights; t = metric ton.",,,,,,,,,,,,,,,,,,,,,,,,,,,,,,,
,,,,,,,,,,,,,,,,,,,,,,,,,,,,,,,
a,"Data refer to paid employment as of end of June, except for 2000 and 2005, for which data refer to end of December. The sum of employed and unemployed does not match the total for labor force because employed also includes unpaid employment. For 2014, data on employment by industry was derived using percentage distribution of employment, which includes unpaid employment. Hence, data for 2014 is not comparable with previous years. ",,,,,,,,,,,,,,,,,,,,,,,,,,,,,,
b,"For 2005–2007, estimates were compiled using a different methodology and are not comparable with estimates prior to 2005. For 2008 onward, figures are current basic prices. ",,,,,,,,,,,,,,,,,,,,,,,,,,,,,,
c,Calculated before deduction of imputed bank service charges.,,,,,,,,,,,,,,,,,,,,,,,,,,,,,,
d,"For 2000–2004, includes NPISHs.",,,,,,,,,,,,,,,,,,,,,,,,,,,,,,
e,"For 2000–2007, data are similar to gross value added at factor costs. For 2008 onward, data are similar to gross value added at basic prices.",,,,,,,,,,,,,,,,,,,,,,,,,,,,,,
f,"For 2005–2007, refers to wholesale and retail; repair of motor vehicles and motorcycles; and personal and household goods.",,,,,,,,,,,,,,,,,,,,,,,,,,,,,,
g,"For 2005–2007, refers to other community, social, and personal service activities.",,,,,,,,,,,,,,,,,,,,,,,,,,,,,,
h,"For 2005, 2008, and 2011, growth rates were calculated from GDP series without breaks.",,,,,,,,,,,,,,,,,,,,,,,,,,,,,,
i,Estimated as the difference between GDP by industrial origin at current market prices and final consumption expenditure.,,,,,,,,,,,,,,,,,,,,,,,,,,,,,,
j,Derived from balance-of-payments data.,,,,,,,,,,,,,,,,,,,,,,,,,,,,,,
k,"For 2000, data are from the Monetary Survey, which follows an older format of presenting monetary and financial data. For 2001 onward, data are from the Depository Corporations Survey, which follows the IMF standardized reporting format.",,,,,,,,,,,,,,,,,,,,,,,,,,,,,,
l,Defined as notes and coins issued less local currency held with commercial banks.,,,,,,,,,,,,,,,,,,,,,,,,,,,,,,
m,Refers to transferrable deposits.,,,,,,,,,,,,,,,,,,,,,,,,,,,,,,
n,"Refers to total foreign assets of commercial banks, the Reserve Bank of Fiji (RBF), and central government less foreign liabilities of commercial banks and the RBF.",,,,,,,,,,,,,,,,,,,,,,,,,,,,,,
o,Refers to net claims on central government.,,,,,,,,,,,,,,,,,,,,,,,,,,,,,,
p,Financial institutions refer to official entities.,,,,,,,,,,,,,,,,,,,,,,,,,,,,,,
q,Includes RBF notes and bonds held outside of the banking system.,,,,,,,,,,,,,,,,,,,,,,,,,,,,,,
r,Refers to the sum of savings deposits and time deposits of all depository corporations. ,,,,,,,,,,,,,,,,,,,,,,,,,,,,,,
s,Refers to the total values of outstanding lending of commercial banks.,,,,,,,,,,,,,,,,,,,,,,,,,,,,,,
t,"For 2000–2004, follows the IMF's Balance of Payments Manual (fifth edition). For 2005 onward, follows the IMF's Balance of Payments and International Investment Position Manual (sixth edition).",,,,,,,,,,,,,,,,,,,,,,,,,,,,,,
,,,,,,,,,,,,,,,,,,,,,,,,,,,,,,,
,Sources:,,,,,,,,,,,,,,,,,,,,,,,,,,,,,,
,,,,,,,,,,,,,,,,,,,,,,,,,,,,,,,
,Population,"Government of Fiji, Bureau of Statistics (BOS). Official communication, 3 May 2019; past communication.",,,,,,,,,,,,,,,,,,,,,,,,,,,,,
,,,,,,,,,,,,,,,,,,,,,,,,,,,,,,,
,Urban Population,For 2000–2016:United Nations. World Urbanization Prospects 2018. https://esa.un.org/unpd/wup/  (accessed 25 July 2019).,,,,,,,,,,,,,,,,,,,,,,,,,,,,,
,,"For 2017–2018: BOS. Official communication, 3 May 2019",,,,,,,,,,,,,,,,,,,,,,,,,,,,,
,,,,,,,,,,,,,,,,,,,,,,,,,,,,,,,
,Labor Force,"BOS. Official communication, 3 May 2019; past communication.",,,,,,,,,,,,,,,,,,,,,,,,,,,,,
,,,,,,,,,,,,,,,,,,,,,,,,,,,,,,,
,National Accounts,"BOS. Official communication, 3 May 2019; past communication.",,,,,,,,,,,,,,,,,,,,,,,,,,,,,
,,,,,,,,,,,,,,,,,,,,,,,,,,,,,,,
,Production Indexes,,,,,,,,,,,,,,,,,,,,,,,,,,,,,,
,,,,,,,,,,,,,,,,,,,,,,,,,,,,,,,
,Agriculture,Food and Agriculture Organization of the United Nations. FAOSTAT. http://www.fao.org/faostat/en/#data (accessed 27 June 2019).,,,,,,,,,,,,,,,,,,,,,,,,,,,,,
,,,,,,,,,,,,,,,,,,,,,,,,,,,,,,,
,Mining                 ,"BOS. Official communication, 3 May 2019; past communication.",,,,,,,,,,,,,,,,,,,,,,,,,,,,,
,Manufacturing              ,,,,,,,,,,,,,,,,,,,,,,,,,,,,,,
,,,,,,,,,,,,,,,,,,,,,,,,,,,,,,,
,Energy,,,,,,,,,,,,,,,,,,,,,,,,,,,,,,
,,,,,,,,,,,,,,,,,,,,,,,,,,,,,,,
,Coal,United Nations. Energy Statistics Database. http://data.un.org/Data.aspx?q=coal&d=EDATA&f=cmID%3aCL (accessed 11 July 2019). ,,,,,,,,,,,,,,,,,,,,,,,,,,,,,
,,,,,,,,,,,,,,,,,,,,,,,,,,,,,,,
,Electricity,"BOS. Official communication, 3 May 2019; past communication.",,,,,,,,,,,,,,,,,,,,,,,,,,,,,
,,,,,,,,,,,,,,,,,,,,,,,,,,,,,,,
,Price Indexes,"BOS. Official communication, 3 May 2019; past communication.",,,,,,,,,,,,,,,,,,,,,,,,,,,,,
,,,,,,,,,,,,,,,,,,,,,,,,,,,,,,,
,Money and Banking,"Reserve Bank of Fiji. Official communication, 18 April 2019; past communication.  ",,,,,,,,,,,,,,,,,,,,,,,,,,,,,
,,,,,,,,,,,,,,,,,,,,,,,,,,,,,,,
,Government Finance,International Monetary Fund (IMF). International Financial Statistics. http://data.imf.org/ (accessed 25 June 2019). ,,,,,,,,,,,,,,,,,,,,,,,,,,,,,
,,,,,,,,,,,,,,,,,,,,,,,,,,,,,,,
,External Trade,"BOS. Official communication, 3 May 2019; past communication.",,,,,,,,,,,,,,,,,,,,,,,,,,,,,
,,,,,,,,,,,,,,,,,,,,,,,,,,,,,,,
,   Direction of Trade,IMF. Direction of Trade Statistics. http://data.imf.org/?sk=9D6028D4-F14A-464C-A2F2-59B2CD424B85&sId=1390030341854 (accessed 21 May 2019).,,,,,,,,,,,,,,,,,,,,,,,,,,,,,
,,,,,,,,,,,,,,,,,,,,,,,,,,,,,,,
,Balance of Payments,"BOS. Official communication, 3 May 2019; past communication.",,,,,,,,,,,,,,,,,,,,,,,,,,,,,
,,,,,,,,,,,,,,,,,,,,,,,,,,,,,,,
,International Reserves,IMF. International Financial Statistics. http://data.imf.org/ (accessed 27 March 2019). ,,,,,,,,,,,,,,,,,,,,,,,,,,,,,
,,,,,,,,,,,,,,,,,,,,,,,,,,,,,,,
,Exchange Rates,IMF. International Financial Statistics. http://data.imf.org/ (accessed 27 March 2019). ,,,,,,,,,,,,,,,,,,,,,,,,,,,,,
,,,,,,,,,,,,,,,,,,,,,,,,,,,,,,,
,External Indebtedness,World Bank. World Development Indicators. https://data.worldbank.org/indicator (accessed 4 April 2019).,,,,,,,,,,,,,,,,,,,,,,,,,,,,,
,,,,,,,,,,,,,,,,,,,,,,,,,,,,,,,
,,,,,,,,,,,,,,,,,,,,,,,,,,,,,,,
,,,,,,,,,,,,,,,,,,,,,,,,,,,,,,,
,,,,,,,,,,,,,,,,,,,,,,,,,,,,,,,
,,,,,,,,,,,,,,,,,,,,,,,,,,,,,,,
,,,,,,,,,,,,,,,,,,,,,,,,,,,,,,,
,,,,,,,,,,,,,,,,,,,,,,,,,,,,,,,
,,,,,,,,,,,,,,,,,,,,,,,,,,,,,,,
,,,,,,,,,,,,,,,,,,,,,,,,,,,,,,,
,,,,,,,,,,,,,,,,,,,,,,,,,,,,,,,
